Date,A_0,A_1,A_2,A_3,A_4,A_5,A_6,A_7,A_8,A_9,close,high,low,volume,vwap,returns,y_A_0,y_A_1,y_A_2,y_A_3,y_A_4,y_A_5,y_A_6,y_A_7,y_A_8,y_A_9
,,,,,,,,,,,,,,,,,0.49079034,0.035808824,3.9870735e-14,0.039332256,0.06075519,0.10203281,0.014739755,5.499576e-06,2.8572597e-06,0.25653243
,,,,,,,,,,,,,,,,,0.48090732,0.038798947,4.047874e-14,0.042622853,0.062113103,0.10066386,0.01585909,5.5547985e-06,2.778312e-06,0.2590265
,,,,,,,,,,,,,,,,,0.4789098,0.038922265,3.968867e-14,0.04242247,0.059990346,0.1058361,0.015218168,5.585313e-06,2.9550943e-06,0.25869232
,,,,,,,,,,,,,,,,,0.4759407,0.039066494,3.9283518e-14,0.042434342,0.05899759,0.10707822,0.015070914,5.6305416e-06,3.033929e-06,0.26140305
,,,,,,,,,,,,,,,,,0.47579083,0.039058164,3.9230948e-14,0.042713255,0.059256,0.106066905,0.015240715,5.6426243e-06,3.0198066e-06,0.2618655
,,,,,,,,,,,,,,,,,0.479265,0.03944525,3.9992e-14,0.04379047,0.061956495,0.10208603,0.01606794,5.6105405e-06,2.8166996e-06,0.25738028
,,,,,,,,,,,,,,,,,0.01341133,0.23816453,2.616617e-14,0.26285842,0.008862421,0.036576565,0.00062124763,0.06485983,1.6139057e-07,0.37464547
,,,,,,,,,,,,,,,,,0.01672035,0.22849981,3.7909207e-14,0.29299727,0.016042117,0.029513119,0.00067995914,0.073251285,1.7442545e-07,0.34229597
,,,,,,,,,,,,,,,,,0.016547844,0.227985,3.672279e-14,0.2896487,0.015261788,0.03008194,0.00067915564,0.07210266,1.7226616e-07,0.3476927
,,,,,,,,,,,,,,,,,0.020519549,0.21774366,4.825811e-14,0.3015518,0.021431448,0.02514231,0.0007682404,0.082039654,1.82948e-07,0.33080316
,,,,,,,,,,,,,,,,,0.016354982,0.22873238,3.608157e-14,0.28930217,0.014880365,0.030406732,0.00067684264,0.0719362,1.7216448e-07,0.34771022
,,,,,,,,,,,,,,,,,0.012978515,0.23768988,2.4035224e-14,0.25734317,0.0075089564,0.038527615,0.0006172997,0.06448821,1.6213843e-07,0.3808461
,,,,,,,,,,,,,,,,,6.5745624e-08,0.33959886,3.1013253e-20,0.46759585,2.1810393e-09,0.023216972,0.022451032,3.3506165e-08,4.1692127e-14,0.14713717
,,,,,,,,,,,,,,,,,6.6215016e-08,0.34050205,3.1068603e-20,0.4658376,2.1868707e-09,0.023374949,0.022424098,3.3541514e-08,4.147076e-14,0.14786118
,,,,,,,,,,,,,,,,,6.539897e-08,0.33913237,3.0984063e-20,0.46869618,2.1767517e-09,0.023091413,0.0224708,3.3474052e-08,4.1878088e-14,0.1466091
,,,,,,,,,,,,,,,,,6.626735e-08,0.34047863,3.1054784e-20,0.4657956,2.1862565e-09,0.02340438,0.022418516,3.3537468e-08,4.145872e-14,0.14790282
,,,,,,,,,,,,,,,,,6.5508246e-08,0.33916146,3.09728e-20,0.468465,2.1764626e-09,0.023141267,0.022461602,3.3482888e-08,4.1815618e-14,0.14677064
,,,,,,,,,,,,,,,,,6.514852e-08,0.3389493,3.1015037e-20,0.46938136,2.1785207e-09,0.022953747,0.022492573,3.3445453e-08,4.2078005e-14,0.14622293
,,,,,,,,,,,,,,,,,1.5328939e-09,0.085937195,5.388446e-23,0.07188192,1.662964e-12,0.28167605,0.00021660465,2.7679432e-11,4.572381e-16,0.56028825
,,,,,,,,,,,,,,,,,1.5329888e-09,0.085942954,5.391052e-23,0.071902424,1.6630954e-12,0.28165674,0.00021667693,2.769588e-11,4.5742257e-16,0.5602812
,,,,,,,,,,,,,,,,,1.6177852e-09,0.09432616,5.8258154e-23,0.06925069,2.0024405e-12,0.24888775,0.00020776769,2.769852e-11,5.1538895e-16,0.58732766
,,,,,,,,,,,,,,,,,1.5308081e-09,0.08575958,5.3812885e-23,0.07198361,1.6561304e-12,0.28238285,0.00021687661,2.7699931e-11,4.5638e-16,0.55965716
,,,,,,,,,,,,,,,,,1.5295518e-09,0.0856556,5.375376e-23,0.072015956,1.6522451e-12,0.28281763,0.00021695474,2.7695098e-11,4.556421e-16,0.55929387
,,,,,,,,,,,,,,,,,1.5912898e-09,0.09153955,5.6900714e-23,0.070104495,1.8874527e-12,0.25920027,0.00021057467,2.7753534e-11,4.9585203e-16,0.5789451
,,,,,,,,,,,,,,,,,3.4587026e-07,1.3341494e-07,0.988458,2.3067255e-07,0.009998636,8.132137e-12,1.715136e-06,0.00032256357,0.0012175388,8.1727427e-07
,,,,,,,,,,,,,,,,,1.1735282e-06,1.743307e-06,0.9418125,2.6382183e-06,0.05452082,8.50992e-11,1.3320365e-05,0.0010241031,0.002606206,1.7615006e-05
,,,,,,,,,,,,,,,,,4.791048e-07,0.044213485,4.5121084e-08,0.06216386,0.4670465,0.00044233346,0.046223935,3.7201116e-05,2.042828e-05,0.3798517
,,,,,,,,,,,,,,,,,3.874868e-07,0.05991709,1.2440203e-08,0.07620775,0.41020235,0.000742761,0.03585016,2.6747952e-05,1.131021e-05,0.4170414
,,,,,,,,,,,,,,,,,5.637723e-07,0.039027486,9.4638686e-08,0.055337254,0.4880905,0.0003620108,0.05507249,4.4647975e-05,2.7800132e-05,0.3620372
,,,,,,,,,,,,,,,,,1.1159318e-07,0.18171395,1.5401253e-11,0.1886845,0.20908386,0.012075006,0.015931942,3.0565632e-06,1.4673516e-07,0.39250737
,,,,,,,,,,,,,,,,,6.8217932e-06,0.013761885,8.0542055e-23,0.016354991,6.204431e-11,0.35845187,0.21715301,1.8567194e-13,3.9503177e-15,0.3942713
,,,,,,,,,,,,,,,,,6.8312524e-06,0.013763578,8.077474e-23,0.01636446,6.2244564e-11,0.35794082,0.21744044,1.8595459e-13,3.9610954e-15,0.3944838
,,,,,,,,,,,,,,,,,6.872502e-06,0.013745188,8.1599116e-23,0.016357517,6.286844e-11,0.3565188,0.2181123,1.8691139e-13,3.9831555e-15,0.39525935
,,,,,,,,,,,,,,,,,6.88079e-06,0.013737965,8.174155e-23,0.016353117,6.298323e-11,0.3562302,0.21820112,1.8706133e-13,3.986092e-15,0.3954708
,,,,,,,,,,,,,,,,,6.8244412e-06,0.013763931,8.0615425e-23,0.016359856,6.2114806e-11,0.3582403,0.21727544,1.8575606e-13,3.954611e-15,0.3943536
,,,,,,,,,,,,,,,,,6.864372e-06,0.013746558,8.1436636e-23,0.016357385,6.275809e-11,0.35674378,0.2179471,1.8672928e-13,3.978668e-15,0.39519826
,,,,,,,,,,,,,,,,,0.058649853,0.000859316,1.23196045e-11,0.0028329627,0.16876736,0.10052431,0.16585325,5.6283014e-08,0.10684625,0.39566666
,,,,,,,,,,,,,,,,,0.058572117,0.0008675613,1.23371625e-11,0.0028617443,0.16798335,0.10063705,0.16731152,5.606687e-08,0.106514305,0.39525232
,,,,,,,,,,,,,,,,,0.05859811,0.00086698495,1.2327203e-11,0.0028595598,0.16795567,0.100641385,0.16727406,5.608169e-08,0.10651078,0.39529347
,,,,,,,,,,,,,,,,,0.058584347,0.000866426,1.2346473e-11,0.0028581196,0.16811779,0.100605465,0.16711265,5.611731e-08,0.106610745,0.39524436
,,,,,,,,,,,,,,,,,0.05857131,0.00086651556,1.23292045e-11,0.002858677,0.1680592,0.10065581,0.16711816,5.6091437e-08,0.10652705,0.3953433
,,,,,,,,,,,,,,,,,0.05860597,0.000863197,1.23313495e-11,0.002846561,0.16842799,0.10057563,0.16653435,5.6187943e-08,0.10670178,0.39544454
,,,,,,,,,,,,,,,,,0.00033412653,0.00019443537,2.1901352e-23,0.00024411533,1.5147614e-11,0.3513081,0.06274925,1.7808856e-13,6.134296e-08,0.5851699
,,,,,,,,,,,,,,,,,0.00033413214,0.0001944364,2.1902472e-23,0.00024413524,1.51481e-11,0.3513247,0.062747315,1.7807457e-13,6.134657e-08,0.5851552
,,,,,,,,,,,,,,,,,0.00033494542,0.00019449224,2.2086113e-23,0.00024440992,1.526401e-11,0.35092124,0.06283312,1.792634e-13,6.1843586e-08,0.58547175
,,,,,,,,,,,,,,,,,0.00033439972,0.00019444851,2.1972166e-23,0.00024421426,1.519094e-11,0.35115162,0.06277983,1.7851619e-13,6.154189e-08,0.58529544
,,,,,,,,,,,,,,,,,0.0003340226,0.00019445052,2.1881473e-23,0.00024408638,1.5136087e-11,0.35132006,0.06273535,1.7799104e-13,6.129605e-08,0.585172
,,,,,,,,,,,,,,,,,0.00033408112,0.00019443787,2.1887145e-23,0.00024408774,1.513793e-11,0.35131395,0.06274371,1.7799373e-13,6.1308896e-08,0.5851696
,,,,,,,,,,,,,,,,,2.6857893e-07,0.29144102,2.986486e-26,0.24701373,4.1452933e-13,0.0056518554,0.0019335055,1.6959286e-16,1.1713962e-10,0.4539596
,,,,,,,,,,,,,,,,,2.6835622e-07,0.29121214,2.9843683e-26,0.24734235,4.1342e-13,0.0056644715,0.0019353802,1.6975468e-16,1.168756e-10,0.4538454
,,,,,,,,,,,,,,,,,2.6937673e-07,0.29152834,2.9984843e-26,0.24652566,4.1707913e-13,0.005632452,0.001932573,1.6966212e-16,1.1771997e-10,0.4543807
,,,,,,,,,,,,,,,,,2.691537e-07,0.2915232,2.9949218e-26,0.24666996,4.1635245e-13,0.005637964,0.0019328967,1.6964618e-16,1.1755523e-10,0.45423576
,,,,,,,,,,,,,,,,,2.6960055e-07,0.2914502,3.0038846e-26,0.24644874,4.178957e-13,0.0056286235,0.0019325158,1.6978494e-16,1.178915e-10,0.4545397
,,,,,,,,,,,,,,,,,2.6897268e-07,0.2915434,2.9916573e-26,0.24670298,4.158487e-13,0.005640215,0.001932573,1.6954984e-16,1.1743805e-10,0.45418054
,,,,,,,,,,,,,,,,,0.0047148084,3.758962e-05,4.078824e-07,5.763766e-05,0.09298549,3.4010435e-07,0.0007971687,7.0467863e-06,0.4275481,0.47385144
,,,,,,,,,,,,,,,,,0.006966523,4.91454e-05,2.9205191e-08,8.23464e-05,0.045048133,6.8212046e-07,0.001721831,1.5018342e-06,0.41725397,0.5288759
,,,,,,,,,,,,,,,,,0.008014439,6.703937e-05,4.1060537e-09,0.00010457554,0.027238348,9.5218655e-07,0.0028995995,5.661147e-07,0.4156358,0.5460387
,,,,,,,,,,,,,,,,,0.006085096,4.4356646e-05,7.2668605e-08,7.393383e-05,0.059443187,5.0794205e-07,0.0012526852,2.6608375e-06,0.41642913,0.5166684
,,,,,,,,,,,,,,,,,0.14905964,0.0012005398,8.2760425e-14,0.0011742424,0.0020238573,0.00025639875,0.043803934,2.4699929e-09,0.41868326,0.38379812
,,,,,,,,,,,,,,,,,0.011310767,0.084064625,2.6645715e-27,0.09364145,3.0267326e-14,0.065548815,0.2439474,2.0372345e-16,7.5028e-11,0.5014869
,,,,,,,,,,,,,,,,,0.93737876,9.2594906e-05,8.893792e-18,0.00016959172,8.532451e-06,8.360048e-06,0.00012102155,2.9079673e-11,3.1563013e-05,0.062189568
,,,,,,,,,,,,,,,,,0.2489533,0.0722398,1.8128443e-28,0.06106044,1.4877545e-15,0.039476253,7.423998e-05,3.3750197e-16,8.433383e-15,0.578196
,,,,,,,,,,,,,,,,,0.24878447,0.07227982,1.8121815e-28,0.061065014,1.4868534e-15,0.039503016,7.4261705e-05,3.3757945e-16,8.4204485e-15,0.5782934
,,,,,,,,,,,,,,,,,0.24889071,0.072257325,1.8128656e-28,0.061077114,1.4870457e-15,0.039493434,7.425247e-05,3.375935e-16,8.427853e-15,0.5782072
,,,,,,,,,,,,,,,,,0.24910183,0.0722001,1.8156116e-28,0.06107578,1.4888551e-15,0.039462604,7.424193e-05,3.3767953e-16,8.449415e-15,0.5780854
,,,,,,,,,,,,,,,,,0.24931727,0.072135426,1.8189642e-28,0.061062872,1.491246e-15,0.039435912,7.422738e-05,3.378478e-16,8.468779e-15,0.5779743
,,,,,,,,,,,,,,,,,0.19395263,0.0015823084,1.1057257e-25,0.002005681,2.6604808e-12,0.18872902,0.036202293,1.5080442e-15,1.8378674e-07,0.5775278
,,,,,,,,,,,,,,,,,0.1916469,0.0014556623,2.9676264e-25,0.0018394137,6.149217e-12,0.16896142,0.039986838,2.2037157e-15,4.238863e-07,0.59610933
,,,,,,,,,,,,,,,,,0.19158481,6.215451e-05,2.1305844e-19,8.344872e-05,6.2389137e-07,0.009174399,0.12361153,3.3735493e-13,0.06480535,0.6106777
,,,,,,,,,,,,,,,,,0.15612832,0.0001537691,2.0414223e-20,0.0001996284,7.99543e-08,0.020863118,0.09994937,1.138285e-13,0.0063705416,0.7163351
,,,,,,,,,,,,,,,,,0.14908336,0.0024560592,1.619666e-26,0.003376621,4.5505516e-13,0.27367228,0.030512637,8.846255e-16,3.6828396e-08,0.5408989
,,,,,,,,,,,,,,,,,0.19499111,0.0015864293,1.1466141e-25,0.0020082057,2.7500673e-12,0.18806733,0.036460046,1.5214603e-15,1.87135e-07,0.5768867
,,,,,,,,,,,,,,,,,0.027256392,0.056227468,3.390126e-29,0.041945603,3.9796936e-17,0.68242437,0.003944822,2.907738e-13,3.008937e-11,0.18820134
,,,,,,,,,,,,,,,,,0.02796459,0.05791729,3.887017e-29,0.04266865,4.4411727e-17,0.67890024,0.004129713,3.0939758e-13,3.324931e-11,0.18841954
,,,,,,,,,,,,,,,,,0.02570366,0.056295935,3.744777e-29,0.040827744,3.8606524e-17,0.68788695,0.0039110193,3.0181768e-13,2.6711553e-11,0.18537477
,,,,,,,,,,,,,,,,,0.026410475,0.055704158,3.41438e-29,0.041333325,3.7956082e-17,0.6869345,0.0038741382,2.900253e-13,2.7670425e-11,0.1857434
,,,,,,,,,,,,,,,,,0.027028456,0.055707816,3.2828225e-29,0.04172331,3.8602623e-17,0.68407303,0.0038982471,2.8645538e-13,2.9166232e-11,0.18756923
,,,,,,,,,,,,,,,,,0.02277463,0.061015066,7.686765e-29,0.036380224,4.399002e-17,0.6954321,0.0043363958,4.1424237e-13,2.348582e-11,0.18006158
,,,,,,,,,,,,,,,,,0.26916805,9.488657e-05,4.2311625e-19,0.00019123941,7.398744e-05,0.00025173163,0.16457805,4.4458273e-09,0.007957074,0.557685
,,,,,,,,,,,,,,,,,0.00024829127,5.6519114e-14,0.010750526,4.2302308e-13,0.33680037,9.305279e-15,7.119626e-07,1.4477412e-05,0.42034096,0.23184472
,,,,,,,,,,,,,,,,,0.3591686,0.0045837313,2.1564903e-24,0.0063083377,3.1801757e-09,0.02230808,0.1984963,1.35025255e-11,1.7476411e-06,0.40913326
,,,,,,,,,,,,,,,,,0.40277672,0.009188113,2.2385997e-26,0.012754971,6.444526e-11,0.037816282,0.22053845,1.4030932e-12,3.779338e-08,0.31692553
,,,,,,,,,,,,,,,,,0.16384476,0.078526966,4.462076e-32,0.07053061,4.461023e-16,0.3515081,0.11506523,7.118097e-16,5.892121e-13,0.22052434
,,,,,,,,,,,,,,,,,0.16384555,0.07852645,4.4618765e-32,0.0705253,4.4607386e-16,0.35152453,0.11505438,7.117805e-16,5.8909355e-13,0.22052373
,,,,,,,,,,,,,,,,,0.29333997,0.0031874655,1.3313131e-22,0.007754844,2.4155847e-07,0.004311053,0.04454848,5.7939677e-11,0.00011357279,0.64674443
,,,,,,,,,,,,,,,,,0.037632555,1.6713268e-06,4.7413326e-16,2.2769507e-06,0.027211076,9.948968e-07,0.022693852,2.9814032e-08,0.4090279,0.50342965
,,,,,,,,,,,,,,,,,0.24203953,0.00054051605,6.769947e-20,0.0009924485,8.371034e-05,0.000633779,0.081515,1.6473201e-09,0.018573387,0.6556217
,,,,,,,,,,,,,,,,,0.0003373421,7.2428214e-12,3.253546e-10,3.433742e-11,0.19728991,2.2154336e-12,0.00034098927,2.326468e-07,0.71901447,0.08301713
,,,,,,,,,,,,,,,,,0.35485265,0.011513782,1.5723255e-24,0.030026002,4.3178776e-09,0.009760182,0.04586039,4.8463126e-12,2.9313053e-06,0.547984
,,,,,,,,,,,,,,,,,0.36086154,0.011267629,1.89308e-24,0.03002335,4.9723097e-09,0.009686366,0.04532124,5.386789e-12,3.4324578e-06,0.5428364
,,,,,,,,,,,,,,,,,0.021720858,0.00014483278,1.3012463e-21,0.0002485286,3.437271e-06,0.003096543,0.5416994,6.352239e-11,0.0006487044,0.4324377
,,,,,,,,,,,,,,,,,0.0023149392,7.005953e-09,1.0110618e-14,7.771171e-09,0.34746087,1.0121768e-07,0.11455422,1.574822e-08,0.4743017,0.061368167
,,,,,,,,,,,,,,,,,0.0022135244,6.3879693e-09,1.0672205e-14,7.17901e-09,0.3572749,9.355522e-08,0.10921361,1.5755466e-08,0.4717945,0.059503354
,,,,,,,,,,,,,,,,,0.0055745835,0.035741985,2.6504698e-33,0.032159034,1.7594635e-16,0.40966687,0.0690139,6.8113393e-17,6.2668756e-13,0.44784367
,,,,,,,,,,,,,,,,,0.0059555364,5.4261022e-08,1.1497621e-15,8.305123e-08,0.095711716,9.964082e-07,0.15437303,8.676938e-09,0.6513072,0.09265134
,,,,,,,,,,,,,,,,,0.005433698,0.036310207,2.0007386e-33,0.032885477,1.418586e-16,0.41800943,0.0655587,5.995454e-17,5.054971e-13,0.44180247
,,,,,,,,,,,,,,,,,0.10270645,0.45409304,2.9086964e-31,0.37379327,2.657636e-10,1.5531667e-05,6.774941e-05,5.9140854e-18,4.074271e-08,0.069323875
,,,,,,,,,,,,,,,,,0.029506255,0.46849316,5.075291e-38,0.46137592,1.903753e-16,6.720679e-05,8.734771e-06,1.0002432e-21,9.569509e-14,0.04054871
,,,,,,,,,,,,,,,,,0.23111466,0.26166657,9.675894e-28,0.3674876,3.4058453e-07,9.22847e-06,0.00013222004,5.070705e-16,3.3985943e-05,0.13955547
,,,,,,,,,,,,,,,,,0.2727677,0.18451317,2.0147156e-26,0.32275897,5.820544e-06,7.1182435e-06,0.00023999103,2.7707386e-15,0.00030218973,0.21940504
,,,,,,,,,,,,,,,,,0.08740156,0.0013857445,7.836314e-21,0.0024063194,0.25749576,1.0701689e-07,0.0003666259,1.6765258e-12,0.5497105,0.101233386
,,,,,,,,,,,,,,,,,0.15056507,0.0037309981,4.23904e-21,0.006147763,0.1758056,2.374821e-07,0.0005913596,1.4544612e-12,0.48037308,0.1827859
,,,,,,,,,,,,,,,,,0.001607271,0.0002640959,5.7438906e-23,0.00027733977,0.0020006397,0.016772186,0.20709082,6.82227e-13,0.47521245,0.2967752
,,,,,,,,,,,,,,,,,0.0016094516,0.00026469945,5.7291497e-23,0.00027798951,0.0019968383,0.016813276,0.20722313,6.81661e-13,0.47469684,0.29711777
,,,,,,,,,,,,,,,,,0.001614885,0.0002661824,5.695299e-23,0.0002797165,0.0019883593,0.016921084,0.20757797,6.803063e-13,0.47334698,0.29800484
,,,,,,,,,,,,,,,,,0.006200623,0.00814059,1.4956271e-26,0.012101344,2.6804048e-06,0.5474291,0.13889463,1.0194607e-14,0.0066422806,0.2805888
,,,,,,,,,,,,,,,,,0.0016074434,0.0002642784,5.73903e-23,0.00027752513,0.0019999691,0.016781539,0.20715806,6.8221167e-13,0.47514376,0.29676738
,,,,,,,,,,,,,,,,,0.0016064174,0.00026391537,5.74954e-23,0.00027714492,0.0020024243,0.016756503,0.20707007,6.825699e-13,0.47541505,0.2966085
,,,,,,,,,,,,,,,,,0.00706037,0.17898887,0.0,0.18654048,9.929635e-18,0.45342934,0.0040833144,2.6748857e-22,4.068647e-13,0.16989759
,,,,,,,,,,,,,,,,,0.0070773205,0.17896473,0.0,0.18701902,1.0058595e-17,0.45262682,0.0041072257,2.6909399e-22,4.133359e-13,0.17020482
,,,,,,,,,,,,,,,,,0.007064412,0.17892747,0.0,0.18605725,9.899153e-18,0.45396596,0.0040698014,2.6725605e-22,4.0382175e-13,0.16991511
,,,,,,,,,,,,,,,,,0.0013428528,3.594315e-05,2.1419113e-21,6.4236636e-05,0.24883851,0.0016571269,0.025533192,8.0898764e-13,0.644213,0.078315146
,,,,,,,,,,,,,,,,,0.017555395,0.009848586,1.3116518e-25,0.017058555,9.105595e-05,0.27517048,0.16364872,8.549174e-15,0.018447232,0.49818
,,,,,,,,,,,,,,,,,0.0012332038,3.2373522e-05,2.2631233e-21,5.8350026e-05,0.2586429,0.0015032147,0.024081776,8.143452e-13,0.6420402,0.07240794
,,,,,,,,,,,,,,,,,0.28385034,0.004395601,0.0,0.0045917775,1.0937217e-18,0.53677845,0.0005707432,1.1467193e-23,9.724749e-13,0.16981317
,,,,,,,,,,,,,,,,,0.28361976,0.00438935,0.0,0.004566205,1.0863202e-18,0.53724957,0.00056663225,1.1439143e-23,9.577121e-13,0.16960858
,,,,,,,,,,,,,,,,,0.18682651,1.7519177e-06,8.715428e-24,2.1343449e-06,0.004441835,0.007406621,0.006025262,4.088272e-15,0.52023554,0.2750604
,,,,,,,,,,,,,,,,,0.14527577,1.2170253e-06,1.4177252e-23,1.4760764e-06,0.0064687654,0.0053827576,0.0049579213,4.945424e-15,0.58595407,0.25195804
,,,,,,,,,,,,,,,,,0.14577673,1.2274243e-06,1.3969408e-23,1.4868048e-06,0.0063913637,0.0054368335,0.00498155,4.9244975e-15,0.58441025,0.25300056
,,,,,,,,,,,,,,,,,0.28253502,0.004361202,0.0,0.0044520055,1.0529156e-18,0.5394294,0.00054831436,1.1311157e-23,8.9300773e-13,0.16867398
,,,,,,,,,,,,,,,,,4.249788e-06,0.18681943,0.0,0.18842909,1.1103407e-23,0.00045120233,0.14885455,2.8054056e-28,5.268436e-18,0.4754414
,,,,,,,,,,,,,,,,,4.249788e-06,0.18681943,0.0,0.18842909,1.1103407e-23,0.00045120233,0.14885455,2.8054056e-28,5.268436e-18,0.4754414
,,,,,,,,,,,,,,,,,4.249788e-06,0.18681943,0.0,0.18842909,1.1103407e-23,0.00045120233,0.14885455,2.8054056e-28,5.268436e-18,0.4754414
,,,,,,,,,,,,,,,,,4.249788e-06,0.18681943,0.0,0.18842909,1.1103407e-23,0.00045120233,0.14885455,2.8054056e-28,5.268436e-18,0.4754414
,,,,,,,,,,,,,,,,,4.249788e-06,0.18681943,0.0,0.18842909,1.1103407e-23,0.00045120233,0.14885455,2.8054056e-28,5.268436e-18,0.4754414
,,,,,,,,,,,,,,,,,4.249788e-06,0.18681943,0.0,0.18842909,1.1103407e-23,0.00045120233,0.14885455,2.8054056e-28,5.268436e-18,0.4754414
,,,,,,,,,,,,,,,,,5.183892e-06,0.2061842,0.0,0.2075692,1.357084e-29,9.198073e-11,0.01024899,4.8991487e-34,5.7952085e-24,0.57599247
,,,,,,,,,,,,,,,,,5.183892e-06,0.2061842,0.0,0.2075692,1.357084e-29,9.198073e-11,0.01024899,4.8991487e-34,5.7952085e-24,0.57599247
,,,,,,,,,,,,,,,,,5.183892e-06,0.2061842,0.0,0.2075692,1.357084e-29,9.198073e-11,0.01024899,4.8991487e-34,5.7952085e-24,0.57599247
,,,,,,,,,,,,,,,,,5.183892e-06,0.2061842,0.0,0.2075692,1.357084e-29,9.198073e-11,0.01024899,4.8991487e-34,5.7952085e-24,0.57599247
,,,,,,,,,,,,,,,,,5.183892e-06,0.2061842,0.0,0.2075692,1.357084e-29,9.198073e-11,0.01024899,4.8991487e-34,5.7952085e-24,0.57599247
,,,,,,,,,,,,,,,,,5.183892e-06,0.2061842,0.0,0.2075692,1.357084e-29,9.198073e-11,0.01024899,4.8991487e-34,5.7952085e-24,0.57599247
,,,,,,,,,,,,,,,,,0.17429511,0.18337323,0.0,0.1836105,3.2616424e-32,4.116651e-06,5.329194e-05,4.6406736e-36,3.096697e-24,0.4586637
,,,,,,,,,,,,,,,,,0.17429511,0.18337323,0.0,0.1836105,3.2616424e-32,4.116651e-06,5.329194e-05,4.6406736e-36,3.096697e-24,0.4586637
,,,,,,,,,,,,,,,,,0.17429511,0.18337323,0.0,0.1836105,3.2616424e-32,4.116651e-06,5.329194e-05,4.6406736e-36,3.096697e-24,0.4586637
,,,,,,,,,,,,,,,,,0.17429511,0.18337323,0.0,0.1836105,3.2616424e-32,4.116651e-06,5.329194e-05,4.6406736e-36,3.096697e-24,0.4586637
,,,,,,,,,,,,,,,,,0.17429511,0.18337323,0.0,0.1836105,3.2616424e-32,4.116651e-06,5.329194e-05,4.6406736e-36,3.096697e-24,0.4586637
,,,,,,,,,,,,,,,,,0.17429511,0.18337323,0.0,0.1836105,3.2616424e-32,4.116651e-06,5.329194e-05,4.6406736e-36,3.096697e-24,0.4586637
,,,,,,,,,,,,,,,,,0.3101282,0.0001971856,1.0275939e-32,0.00024934014,1.9444515e-10,2.4069612e-05,0.1224201,3.0149633e-22,1.0611001e-08,0.56698114
,,,,,,,,,,,,,,,,,0.29592392,0.00023190201,5.028571e-33,0.00027548923,1.0165317e-10,2.660077e-05,0.121967845,1.9640588e-22,7.1697928e-09,0.5815742
,,,,,,,,,,,,,,,,,0.030542903,0.38436309,0.0,0.38756543,3.348102e-32,2.1050315e-05,0.0015981236,7.664075e-35,1.6150203e-25,0.19590949
,,,,,,,,,,,,,,,,,0.31167758,0.00019352545,1.18965994e-32,0.00024661238,2.2334132e-10,2.360788e-05,0.123754695,3.2663307e-22,1.1493043e-08,0.56410396
,,,,,,,,,,,,,,,,,0.29619375,0.00022227984,5.7582726e-33,0.00026625954,1.1395431e-10,2.6104079e-05,0.12127143,2.1172229e-22,7.705779e-09,0.58202016
,,,,,,,,,,,,,,,,,0.030538527,0.38437405,0.0,0.387575,3.3466013e-32,2.1050031e-05,0.0015979802,7.6621586e-35,1.6144565e-25,0.1958934
,,,,,,,,,,,,,,,,,0.003912423,0.3500073,0.0,0.35165343,0.0,3.7202477e-05,2.5835173e-11,0.0,4.758147e-33,0.2943896
,,,,,,,,,,,,,,,,,0.003912423,0.3500073,0.0,0.35165343,0.0,3.7202477e-05,2.5835173e-11,0.0,4.758147e-33,0.2943896
,,,,,,,,,,,,,,,,,0.003912423,0.3500073,0.0,0.35165343,0.0,3.7202477e-05,2.5835173e-11,0.0,4.758147e-33,0.2943896
,,,,,,,,,,,,,,,,,0.003912423,0.3500073,0.0,0.35165343,0.0,3.7202477e-05,2.5835173e-11,0.0,4.758147e-33,0.2943896
,,,,,,,,,,,,,,,,,0.003912423,0.3500073,0.0,0.35165343,0.0,3.7202477e-05,2.5835173e-11,0.0,4.758147e-33,0.2943896
,,,,,,,,,,,,,,,,,0.003912423,0.3500073,0.0,0.35165343,0.0,3.7202477e-05,2.5835173e-11,0.0,4.758147e-33,0.2943896
,,,,,,,,,,,,,,,,,0.10684765,0.23994131,0.0,0.24156505,0.0,5.1749503e-06,6.253999e-15,0.0,9.087693e-36,0.41164085
,,,,,,,,,,,,,,,,,0.10684765,0.23994131,0.0,0.24156505,0.0,5.1749503e-06,6.253999e-15,0.0,9.087693e-36,0.41164085
,,,,,,,,,,,,,,,,,0.10684765,0.23994131,0.0,0.24156505,0.0,5.1749503e-06,6.253999e-15,0.0,9.087693e-36,0.41164085
,,,,,,,,,,,,,,,,,0.10684765,0.23994131,0.0,0.24156505,0.0,5.1749503e-06,6.253999e-15,0.0,9.087693e-36,0.41164085
,,,,,,,,,,,,,,,,,0.10684765,0.23994131,0.0,0.24156505,0.0,5.1749503e-06,6.253999e-15,0.0,9.087693e-36,0.41164085
,,,,,,,,,,,,,,,,,0.10684765,0.23994131,0.0,0.24156505,0.0,5.1749503e-06,6.253999e-15,0.0,9.087693e-36,0.41164085
,,,,,,,,,,,,,,,,,0.15293247,0.07796796,0.0,0.07866404,0.0,0.00019363443,3.539241e-13,0.0,1.0868609e-29,0.69024193
,,,,,,,,,,,,,,,,,0.15293247,0.07796796,0.0,0.07866404,0.0,0.00019363443,3.539241e-13,0.0,1.0868609e-29,0.69024193
,,,,,,,,,,,,,,,,,0.15293247,0.07796796,0.0,0.07866404,0.0,0.00019363443,3.539241e-13,0.0,1.0868609e-29,0.69024193
,,,,,,,,,,,,,,,,,0.15293247,0.07796796,0.0,0.07866404,0.0,0.00019363443,3.539241e-13,0.0,1.0868609e-29,0.69024193
,,,,,,,,,,,,,,,,,0.15293247,0.07796796,0.0,0.07866404,0.0,0.00019363443,3.539241e-13,0.0,1.0868609e-29,0.69024193
,,,,,,,,,,,,,,,,,0.15293247,0.07796796,0.0,0.07866404,0.0,0.00019363443,3.539241e-13,0.0,1.0868609e-29,0.69024193
,,,,,,,,,,,,,,,,,0.11986387,0.073431365,0.0,0.07351377,0.0,0.17480788,1.2459071e-08,0.0,3.301382e-28,0.5583831
,,,,,,,,,,,,,,,,,0.11986387,0.073431365,0.0,0.07351377,0.0,0.17480788,1.2459071e-08,0.0,3.301382e-28,0.5583831
,,,,,,,,,,,,,,,,,0.11986387,0.073431365,0.0,0.07351377,0.0,0.17480788,1.2459071e-08,0.0,3.301382e-28,0.5583831
,,,,,,,,,,,,,,,,,0.11986387,0.073431365,0.0,0.07351377,0.0,0.17480788,1.2459071e-08,0.0,3.301382e-28,0.5583831
,,,,,,,,,,,,,,,,,0.11986387,0.073431365,0.0,0.07351377,0.0,0.17480788,1.2459071e-08,0.0,3.301382e-28,0.5583831
,,,,,,,,,,,,,,,,,0.11986387,0.073431365,0.0,0.07351377,0.0,0.17480788,1.2459071e-08,0.0,3.301382e-28,0.5583831
,,,,,,,,,,,,,,,,,0.04732559,0.16192462,0.0,0.17517243,0.0,0.09338859,2.1369353e-09,0.0,5.745665e-20,0.5221888
,,,,,,,,,,,,,,,,,0.04732559,0.16192462,0.0,0.17517243,0.0,0.09338859,2.1369353e-09,0.0,5.745665e-20,0.5221888
,,,,,,,,,,,,,,,,,0.047337834,0.16190965,0.0,0.17520438,0.0,0.093379624,2.137211e-09,0.0,5.7524156e-20,0.5221685
,,,,,,,,,,,,,,,,,0.047345705,0.16189954,0.0,0.17522551,0.0,0.09337342,2.1373951e-09,0.0,5.756907e-20,0.52215576
,,,,,,,,,,,,,,,,,0.047309373,0.16194507,0.0,0.17512977,0.0,0.093400754,2.1365618e-09,0.0,5.736645e-20,0.522215
,,,,,,,,,,,,,,,,,0.047261063,0.16200636,0.0,0.17500234,0.0,0.093437165,2.1354225e-09,0.0,5.709796e-20,0.5222931
,,,,,,,,,,,,,,,,,0.00022122006,0.2405414,0.0,0.24270281,0.0,1.4802798e-05,6.9131964e-08,0.0,3.2055632e-25,0.51651967
,,,,,,,,,,,,,,,,,0.00022061412,0.2407736,0.0,0.24236691,0.0,1.4813641e-05,6.904814e-08,0.0,3.1715056e-25,0.51662403
,,,,,,,,,,,,,,,,,0.00022058547,0.2407791,0.0,0.24235949,0.0,1.4813809e-05,6.9040496e-08,0.0,3.170308e-25,0.51662594
,,,,,,,,,,,,,,,,,0.0002204475,0.2408342,0.0,0.2422809,0.0,1.4816407e-05,6.902206e-08,0.0,3.1624805e-25,0.51664954
,,,,,,,,,,,,,,,,,0.00022052226,0.2408111,0.0,0.24231407,0.0,1.4815383e-05,6.9035714e-08,0.0,3.1662934e-25,0.5166395
,,,,,,,,,,,,,,,,,0.00022063732,0.24076493,0.0,0.24238035,0.0,1.4813219e-05,6.905092e-08,0.0,3.1728193e-25,0.5166192
,,,,,,,,,,,,,,,,,0.050480597,0.12773973,0.0,0.12877746,0.0,0.045370817,1.0866986e-05,0.0,3.682191e-20,0.64762056
,,,,,,,,,,,,,,,,,0.050480597,0.12773973,0.0,0.12877746,0.0,0.045370817,1.0866986e-05,0.0,3.682191e-20,0.64762056
,,,,,,,,,,,,,,,,,0.050476205,0.12774518,0.0,0.12877116,0.0,0.0453731,1.0866663e-05,0.0,3.6806487e-20,0.6476235
,,,,,,,,,,,,,,,,,0.050476205,0.12774518,0.0,0.12877116,0.0,0.0453731,1.0866663e-05,0.0,3.6806487e-20,0.6476235
,,,,,,,,,,,,,,,,,0.050476205,0.12774518,0.0,0.12877116,0.0,0.0453731,1.0866663e-05,0.0,3.6806487e-20,0.6476235
,,,,,,,,,,,,,,,,,0.050480597,0.12773973,0.0,0.12877746,0.0,0.045370817,1.0866986e-05,0.0,3.682191e-20,0.64762056
,,,,,,,,,,,,,,,,,1.8429926e-05,0.0026012408,0.0,0.0026405116,0.0,0.3014757,3.1520717e-08,0.0,9.369926e-19,0.6932641
,,,,,,,,,,,,,,,,,1.8429926e-05,0.0026012408,0.0,0.0026405116,0.0,0.3014757,3.1520717e-08,0.0,9.369926e-19,0.6932641
,,,,,,,,,,,,,,,,,1.8429926e-05,0.0026012408,0.0,0.0026405116,0.0,0.3014757,3.1520717e-08,0.0,9.369926e-19,0.6932641
,,,,,,,,,,,,,,,,,1.8429926e-05,0.0026012408,0.0,0.0026405116,0.0,0.3014757,3.1520717e-08,0.0,9.369926e-19,0.6932641
,,,,,,,,,,,,,,,,,1.8429926e-05,0.0026012408,0.0,0.0026405116,0.0,0.3014757,3.1520717e-08,0.0,9.369926e-19,0.6932641
,,,,,,,,,,,,,,,,,1.8429926e-05,0.0026012408,0.0,0.0026405116,0.0,0.3014757,3.1520717e-08,0.0,9.369926e-19,0.6932641
,,,,,,,,,,,,,,,,,0.00024179663,0.13484597,0.0,0.13455,0.0,0.021174703,4.2460547e-06,0.0,9.860623e-15,0.7091832
,,,,,,,,,,,,,,,,,0.00024179663,0.13484597,0.0,0.13455,0.0,0.021174703,4.2460547e-06,0.0,9.860623e-15,0.7091832
,,,,,,,,,,,,,,,,,0.00024179663,0.13484597,0.0,0.13455,0.0,0.021174703,4.2460547e-06,0.0,9.860623e-15,0.7091832
,,,,,,,,,,,,,,,,,0.00024179663,0.13484597,0.0,0.13455,0.0,0.021174703,4.2460547e-06,0.0,9.860623e-15,0.7091832
,,,,,,,,,,,,,,,,,0.00024179663,0.13484597,0.0,0.13455,0.0,0.021174703,4.2460547e-06,0.0,9.860623e-15,0.7091832
,,,,,,,,,,,,,,,,,0.00024179663,0.13484597,0.0,0.13455,0.0,0.021174703,4.2460547e-06,0.0,9.860623e-15,0.7091832
,,,,,,,,,,,,,,,,,3.124625e-09,0.037883032,0.0,0.037933644,0.0,0.15842628,0.016612744,0.0,5.6629896e-19,0.7491443
,,,,,,,,,,,,,,,,,1.1836363e-06,2.6124546e-05,0.0,4.4479715e-05,2.4064504e-19,1.573751e-05,0.0024823858,0.0,0.75195414,0.24547596
,,,,,,,,,,,,,,,,,3.124625e-09,0.037883032,0.0,0.037933644,0.0,0.15842628,0.016612744,0.0,5.6629896e-19,0.7491443
,,,,,,,,,,,,,,,,,3.124625e-09,0.037883032,0.0,0.037933644,0.0,0.15842628,0.016612744,0.0,5.6629896e-19,0.7491443
,,,,,,,,,,,,,,,,,3.124625e-09,0.037883032,0.0,0.037933644,0.0,0.15842628,0.016612744,0.0,5.6629896e-19,0.7491443
,,,,,,,,,,,,,,,,,3.124625e-09,0.037883032,0.0,0.037933644,0.0,0.15842628,0.016612744,0.0,5.6629896e-19,0.7491443
,,,,,,,,,,,,,,,,,9.071736e-09,0.12327242,0.0,0.12240926,0.0,0.18646254,0.08867133,0.0,2.1163051e-20,0.47918445
,,,,,,,,,,,,,,,,,9.067316e-09,0.12326784,0.0,0.12238976,0.0,0.18649828,0.08865923,0.0,2.1120327e-20,0.4791849
,,,,,,,,,,,,,,,,,9.06856e-09,0.12326218,0.0,0.12239537,0.0,0.18648973,0.088660575,0.0,2.1129836e-20,0.47919217
,,,,,,,,,,,,,,,,,9.074334e-09,0.123276696,0.0,0.12241912,0.0,0.18644197,0.088675745,0.0,2.1188826e-20,0.47918645
,,,,,,,,,,,,,,,,,9.090378e-09,0.123343036,0.0,0.12248499,0.0,0.18629056,0.08872957,0.0,2.136341e-20,0.4791518
,,,,,,,,,,,,,,,,,9.095371e-09,0.123331726,0.0,0.12250647,0.0,0.18626069,0.08872752,0.0,2.1409253e-20,0.47917363
,,,,,,,,,,,,,,,,,1.4580337e-11,0.0005299599,0.0,0.0005134863,0.0,0.1394216,0.23434743,0.0,2.7526235e-22,0.6251876
,,,,,,,,,,,,,,,,,1.4580337e-11,0.0005299599,0.0,0.0005134863,0.0,0.1394216,0.23434743,0.0,2.7526235e-22,0.6251876
,,,,,,,,,,,,,,,,,1.4583779e-11,0.0005299596,0.0,0.000513533,0.0,0.13941303,0.23434195,0.0,2.7550173e-22,0.6252015
,,,,,,,,,,,,,,,,,1.45884e-11,0.00052999414,0.0,0.00051359,0.0,0.1393987,0.23435363,0.0,2.758436e-22,0.6252041
,,,,,,,,,,,,,,,,,1.4584984e-11,0.00052998314,0.0,0.000513548,0.0,0.13941176,0.23433447,0.0,2.75617e-22,0.6252102
,,,,,,,,,,,,,,,,,1.4589673e-11,0.00053001207,0.0,0.0005136073,0.0,0.13939704,0.23434366,0.0,2.7595816e-22,0.6252157
,,,,,,,,,,,,,,,,,5.910574e-08,0.002796175,0.0,0.0030436134,4.466987e-22,8.32995e-05,0.012389936,1.9660297e-30,7.95189e-05,0.9816073
,,,,,,,,,,,,,,,,,1.2963297e-11,0.16148435,0.0,0.1596042,0.0,0.17396662,0.003277187,0.0,1.3483874e-24,0.5016677
,,,,,,,,,,,,,,,,,1.2955577e-11,0.16147688,0.0,0.15958709,0.0,0.17400768,0.003276285,0.0,1.3456223e-24,0.50165206
,,,,,,,,,,,,,,,,,1.2959977e-11,0.1614701,0.0,0.15959622,0.0,0.17399508,0.0032768727,0.0,1.3467676e-24,0.50166166
,,,,,,,,,,,,,,,,,1.2972918e-11,0.16147234,0.0,0.15962522,0.0,0.17393644,0.0032782434,0.0,1.3512736e-24,0.50168777
,,,,,,,,,,,,,,,,,1.2950954e-11,0.16147345,0.0,0.15958126,0.0,0.17403187,0.0032757907,0.0,1.3439829e-24,0.50163764
,,,,,,,,,,,,,,,,,4.3579554e-16,0.12903585,0.0,0.12927431,0.0,0.12341277,0.11858353,0.0,1.0703382e-28,0.4996935
,,,,,,,,,,,,,,,,,4.3587365e-16,0.12904225,0.0,0.12927873,0.0,0.12340288,0.11857312,0.0,1.07129e-28,0.49970305
,,,,,,,,,,,,,,,,,4.3591712e-16,0.12904525,0.0,0.12928078,0.0,0.12339824,0.11856865,0.0,1.0717729e-28,0.4997071
,,,,,,,,,,,,,,,,,4.3606966e-16,0.1290461,0.0,0.12929247,0.0,0.12337927,0.11856039,0.0,1.0732527e-28,0.4997218
,,,,,,,,,,,,,,,,,4.358365e-16,0.1290391,0.0,0.12927659,0.0,0.123407416,0.118578374,0.0,1.0708145e-28,0.49969852
,,,,,,,,,,,,,,,,,2.5558139e-19,4.5457328e-32,0.9785648,9.4669666e-32,0.02143512,0.0,3.3489236e-25,1.1990373e-09,2.7710239e-09,7.7011375e-18
,,,,,,,,,,,,,,,,,1.1902448e-10,0.00018458995,0.0,0.0003329766,2.569917e-17,0.0050859153,0.047420256,1.4998906e-22,0.37866065,0.56831557
,,,,,,,,,,,,,,,,,1.1853644e-10,0.00018743884,0.0,0.0003369105,2.4567911e-17,0.005220823,0.04809411,1.4707843e-22,0.3728568,0.5733039
,,,,,,,,,,,,,,,,,2.0574764e-17,0.001172833,0.0,0.0011694912,0.0,0.9892812,0.001532548,0.0,6.467742e-26,0.0068438705
,,,,,,,,,,,,,,,,,2.0517725e-17,0.0011725568,0.0,0.001168217,0.0,0.9892897,0.0015309951,0.0,6.4225585e-26,0.0068385014
,,,,,,,,,,,,,,,,,2.0456215e-17,0.0011718275,0.0,0.0011668673,0.0,0.9893008,0.0015286546,0.0,6.3751295e-26,0.0068317982
,,,,,,,,,,,,,,,,,2.0519287e-17,0.0011725296,0.0,0.0011684397,0.0,0.98928946,0.0015310413,0.0,6.424027e-26,0.006838604
,,,,,,,,,,,,,,,,,2.4131028e-14,0.26461408,0.0,0.2653034,0.0,0.00930922,0.00015804602,0.0,2.979273e-29,0.4606153
,,,,,,,,,,,,,,,,,2.4131028e-14,0.26461408,0.0,0.2653034,0.0,0.00930922,0.00015804602,0.0,2.979273e-29,0.4606153
,,,,,,,,,,,,,,,,,2.4127105e-14,0.26462755,0.0,0.26529062,0.0,0.009309623,0.00015804081,0.0,2.9776755e-29,0.4606142
,,,,,,,,,,,,,,,,,2.4127105e-14,0.26462755,0.0,0.26529062,0.0,0.009309623,0.00015804081,0.0,2.9776755e-29,0.4606142
,,,,,,,,,,,,,,,,,2.4127105e-14,0.26462755,0.0,0.26529062,0.0,0.009309623,0.00015804081,0.0,2.9776755e-29,0.4606142
,,,,,,,,,,,,,,,,,2.4127105e-14,0.26462755,0.0,0.26529062,0.0,0.009309623,0.00015804081,0.0,2.9776755e-29,0.4606142
,,,,,,,,,,,,,,,,,1.1959121e-13,0.11827714,0.0,0.11797972,0.0,0.23891544,0.0023031358,5.452291e-38,4.2892164e-28,0.52252454
,,,,,,,,,,,,,,,,,1.1961238e-13,0.1182737,0.0,0.1179871,0.0,0.23890667,0.002303262,5.454254e-38,4.291612e-28,0.52252924
,,,,,,,,,,,,,,,,,1.195596e-13,0.1182648,0.0,0.11797463,0.0,0.2389361,0.0023026147,5.4482714e-38,4.2850733e-28,0.52252185
,,,,,,,,,,,,,,,,,1.1962993e-13,0.11827753,0.0,0.11798642,0.0,0.23889434,0.00230353,5.4564286e-38,4.2935854e-28,0.52253824
,,,,,,,,,,,,,,,,,1.1962993e-13,0.11827753,0.0,0.11798642,0.0,0.23889434,0.00230353,5.4564286e-38,4.2935854e-28,0.52253824
,,,,,,,,,,,,,,,,,1.195596e-13,0.1182648,0.0,0.11797463,0.0,0.2389361,0.0023026147,5.4482714e-38,4.2850733e-28,0.52252185
,,,,,,,,,,,,,,,,,3.9232288e-20,0.054708198,0.0,0.05389373,0.0,0.2618958,0.021527916,9.05676e-37,3.6994917e-35,0.6079744
,,,,,,,,,,,,,,,,,3.1770775e-13,0.0005430724,0.0,0.0009440104,8.623366e-25,0.00021894951,0.3192575,2.9844455e-17,7.353404e-08,0.6790364
,,,,,,,,,,,,,,,,,3.3378866e-13,0.0005371994,0.0,0.0009415276,1.0545743e-24,0.00020817181,0.3179396,3.2500274e-17,8.130032e-08,0.6803734
,,,,,,,,,,,,,,,,,3.0447853e-13,0.00054789294,0.0,0.00094591617,7.240101e-25,0.00022882657,0.32038313,2.7745458e-17,6.744637e-08,0.6778942
,,,,,,,,,,,,,,,,,3.924818e-20,0.05466025,0.0,0.053901568,0.0,0.26187795,0.021515941,9.05711e-37,3.7016676e-35,0.60804427
,,,,,,,,,,,,,,,,,3.9254554e-20,0.054664955,0.0,0.053895526,0.0,0.26188856,0.021519274,9.061554e-37,3.702862e-35,0.6080317
,,,,,,,,,,,,,,,,,3.0633235e-27,0.2248604,0.0,0.22408801,0.0,0.0010104359,0.029783577,1.8681184e-36,0.0,0.5202576
,,,,,,,,,,,,,,,,,3.0651298e-27,0.2248557,0.0,0.22409016,0.0,0.001010384,0.029789094,1.8701615e-36,0.0,0.5202547
,,,,,,,,,,,,,,,,,3.0686029e-27,0.22485816,0.0,0.22410287,0.0,0.0010101561,0.029804194,1.8740242e-36,0.0,0.52022463
,,,,,,,,,,,,,,,,,7.6913016e-19,0.0011696247,0.0,0.0019105484,1.9861816e-30,3.7390548e-06,0.35157564,2.0294757e-17,6.923239e-13,0.6453405
,,,,,,,,,,,,,,,,,3.0633235e-27,0.2248604,0.0,0.22408801,0.0,0.0010104359,0.029783577,1.8681184e-36,0.0,0.5202576
,,,,,,,,,,,,,,,,,3.0628568e-27,0.22485016,0.0,0.22408466,0.0,0.0010104824,0.029781088,1.867549e-36,0.0,0.5202736
,,,,,,,,,,,,,,,,,1.0469834e-27,0.15488027,0.0,0.14954583,0.0,0.080045514,0.0018564322,2.2895711e-35,1.463009e-37,0.61367196
,,,,,,,,,,,,,,,,,1.1646785e-27,0.15190357,0.0,0.15301673,0.0,0.078663565,0.001894468,2.6763584e-35,1.938192e-37,0.6145217
,,,,,,,,,,,,,,,,,1.160143e-27,0.15201205,0.0,0.15288904,0.0,0.07871434,0.0018930747,2.66114e-35,1.9183693e-37,0.6144915
,,,,,,,,,,,,,,,,,1.210609e-27,0.15082918,0.0,0.15429178,0.0,0.07816443,0.0019084187,2.83249e-35,2.14672e-37,0.6148061
,,,,,,,,,,,,,,,,,1.2295831e-27,0.15039872,0.0,0.1548075,0.0,0.07796393,0.001914038,2.897811e-35,2.236811e-37,0.6149158
,,,,,,,,,,,,,,,,,1.2239786e-27,0.15052523,0.0,0.15465546,0.0,0.078022964,0.0019123916,2.878447e-35,2.2099284e-37,0.6148839
,,,,,,,,,,,,,,,,,5.7501387e-22,0.28362256,0.0,0.28153783,0.0,0.08490463,0.0015652716,8.462695e-38,0.0,0.3483697
,,,,,,,,,,,,,,,,,5.7501387e-22,0.28362256,0.0,0.28153783,0.0,0.08490463,0.0015652716,8.462695e-38,0.0,0.3483697
,,,,,,,,,,,,,,,,,5.7501387e-22,0.28362256,0.0,0.28153783,0.0,0.08490463,0.0015652716,8.462695e-38,0.0,0.3483697
,,,,,,,,,,,,,,,,,5.754071e-22,0.28358927,0.0,0.28157994,0.0,0.08489402,0.0015655061,8.4718413e-38,0.0,0.3483713
,,,,,,,,,,,,,,,,,5.7488043e-22,0.28363463,0.0,0.28152403,0.0,0.08490759,0.001565195,8.4595676e-38,0.0,0.34836856
,,,,,,,,,,,,,,,,,5.7474946e-22,0.28364578,0.0,0.28150928,0.0,0.08491093,0.0015651132,8.45648e-38,0.0,0.3483689
,,,,,,,,,,,,,,,,,2.9260834e-19,0.13950048,0.0,0.14000268,0.0,0.00012462008,0.15794818,5.299796e-38,0.0,0.562424
,,,,,,,,,,,,,,,,,2.9260834e-19,0.13950048,0.0,0.14000268,0.0,0.00012462008,0.15794818,5.299796e-38,0.0,0.562424
,,,,,,,,,,,,,,,,,2.9260834e-19,0.13950048,0.0,0.14000268,0.0,0.00012462008,0.15794818,5.299796e-38,0.0,0.562424
,,,,,,,,,,,,,,,,,2.9260834e-19,0.13950048,0.0,0.14000268,0.0,0.00012462008,0.15794818,5.299796e-38,0.0,0.562424
,,,,,,,,,,,,,,,,,2.9260834e-19,0.13950048,0.0,0.14000268,0.0,0.00012462008,0.15794818,5.299796e-38,0.0,0.562424
,,,,,,,,,,,,,,,,,2.9260834e-19,0.13950048,0.0,0.14000268,0.0,0.00012462008,0.15794818,5.299796e-38,0.0,0.562424
,,,,,,,,,,,,,,,,,1.0118646e-07,2.5423722e-07,0.0,7.761999e-07,2.1517742e-06,6.5137734e-17,0.15572591,0.0005037848,0.00064807286,0.84311897
,,,,,,,,,,,,,,,,,1.009804e-07,2.5790183e-07,0.0,7.869678e-07,2.1142778e-06,6.6428446e-17,0.15624931,0.0005009707,0.0006431856,0.8426033
,,,,,,,,,,,,,,,,,1.006203e-07,2.5864819e-07,0.0,7.8926917e-07,2.0981245e-06,6.6859996e-17,0.1566202,0.0004997825,0.0006413615,0.8422354
,,,,,,,,,,,,,,,,,9.9618376e-08,2.6721776e-07,0.0,8.1456756e-07,1.9972128e-06,7.041181e-17,0.15802006,0.0004913263,0.0006284016,0.84085697
,,,,,,,,,,,,,,,,,9.987469e-08,2.643824e-07,0.0,8.062689e-07,2.0285843e-06,6.9255584e-17,0.15765497,0.00049411494,0.00063260004,0.84121513
,,,,,,,,,,,,,,,,,4.8116605e-19,0.35889012,0.0,0.37974375,0.0,5.4947086e-05,0.05139822,1.5584058e-31,0.0,0.20991291
,,,,,,,,,,,,,,,,,4.994711e-10,4.8715902e-09,0.0,8.3934975e-09,6.2658146e-05,1.538176e-14,0.03028672,0.47964856,0.27422285,0.21577929
,,,,,,,,,,,,,,,,,9.8104386e-11,1.0468115e-12,5.3651167e-37,8.294906e-12,0.012852119,2.6953057e-19,0.00027714492,0.15569533,0.8190968,0.012078515
,,,,,,,,,,,,,,,,,9.25023e-11,4.3595712e-13,3.4675153e-36,4.3063678e-12,0.024433764,8.8207e-20,0.00014630404,0.16632476,0.79807496,0.01102022
,,,,,,,,,,,,,,,,,7.933662e-11,2.671855e-13,2.5132815e-35,1.9648718e-12,0.04573265,2.9583097e-20,8.939227e-05,0.1591314,0.7847736,0.010272997
,,,,,,,,,,,,,,,,,7.414334e-11,1.9827304e-13,7.0490746e-35,1.16796e-12,0.06048131,1.545614e-20,6.709924e-05,0.14796676,0.7819674,0.009517473
,,,,,,,,,,,,,,,,,7.361859e-11,1.1252787e-13,2.9449013e-34,6.023577e-13,0.08745632,6.3089215e-21,4.3729327e-05,0.13744752,0.76662654,0.008425906
,,,,,,,,,,,,,,,,,2.9554558e-19,4.472556e-33,3.2647422e-05,4.8702726e-33,0.9999567,0.0,1.5691848e-23,8.9695507e-10,1.0585418e-05,1.626515e-18
,,,,,,,,,,,,,,,,,1.3914061e-19,1.5183181e-33,0.00013306296,1.5818514e-33,0.999861,0.0,4.5134006e-24,3.5060058e-10,5.9476333e-06,4.220819e-19
,,,,,,,,,,,,,,,,,1.17634176e-26,0.11225688,0.0,0.11218667,0.0,0.41870135,7.059812e-08,8.848521e-27,0.0,0.35685506
,,,,,,,,,,,,,,,,,1.17634176e-26,0.11225688,0.0,0.11218667,0.0,0.41870135,7.059812e-08,8.848521e-27,0.0,0.35685506
,,,,,,,,,,,,,,,,,1.686604e-20,9.133952e-35,0.0036927352,6.7417396e-35,0.9963058,0.0,1.8592627e-25,2.9961766e-11,1.3891029e-06,1.1607335e-20
,,,,,,,,,,,,,,,,,1.4944566e-22,2.3147038e-37,0.67850673,7.6122047e-38,0.3214933,0.0,1.9952486e-28,8.250063e-14,2.5957378e-08,5.16409e-24
,,,,,,,,,,,,,,,,,0.0,0.0,1.0,0.0,0.0,0.0,0.0,0.0,0.0,0.0
,,,,,,,,,,,,,,,,,5.948902e-13,0.0060671438,0.0,0.008417934,2.8144404e-27,5.297749e-05,0.18821414,0.0031482172,1.379943e-09,0.7940996
,,,,,,,,,,,,,,,,,5.941702e-13,0.0060653053,0.0,0.008414742,2.7975985e-27,5.2988118e-05,0.18818007,0.0031371226,1.3722923e-09,0.79414976
,,,,,,,,,,,,,,,,,4.2192886e-22,0.19933687,0.0,0.19911037,0.0,0.07223138,0.00079444447,9.594771e-23,0.0,0.52852696
,,,,,,,,,,,,,,,,,4.218247e-22,0.19934088,0.0,0.1991053,0.0,0.07223395,0.0007943514,9.59094e-23,0.0,0.52852553
,,,,,,,,,,,,,,,,,4.218247e-22,0.19934088,0.0,0.1991053,0.0,0.07223395,0.0007943514,9.59094e-23,0.0,0.52852553
,,,,,,,,,,,,,,,,,7.3741614e-26,0.39746383,0.0,0.40821397,0.0,8.6137654e-05,6.1538674e-05,2.1702959e-20,0.0,0.19417448
,,,,,,,,,,,,,,,,,7.3632616e-26,0.39748544,0.0,0.40827668,0.0,8.616272e-05,6.150118e-05,2.1641307e-20,0.0,0.19409025
,,,,,,,,,,,,,,,,,7.366081e-26,0.3974799,0.0,0.40825233,0.0,8.6155604e-05,6.151159e-05,2.165835e-20,0.0,0.19412014
,,,,,,,,,,,,,,,,,7.3699336e-26,0.39747545,0.0,0.40823528,0.0,8.614478e-05,6.152686e-05,2.167662e-20,0.0,0.19414166
,,,,,,,,,,,,,,,,,7.371904e-26,0.39747554,0.0,0.40822917,0.0,8.614348e-05,6.1537205e-05,2.1686218e-20,0.0,0.19414762
,,,,,,,,,,,,,,,,,2.8079926e-16,0.00912888,0.0,0.012848663,2.8237872e-28,6.0976916e-08,0.017159143,0.6180875,4.210098e-12,0.34277567
,,,,,,,,,,,,,,,,,3.894252e-18,4.403175e-06,0.0,6.2581253e-06,2.1079323e-29,5.1204035e-10,0.031165417,0.5558277,5.635394e-08,0.41299617
,,,,,,,,,,,,,,,,,2.3850746e-18,5.9265926e-07,0.0,9.410597e-07,6.285096e-28,6.152756e-11,0.009383087,0.8012267,3.8819238e-07,0.18938828
,,,,,,,,,,,,,,,,,2.195662e-18,4.805261e-07,0.0,7.7833613e-07,8.988313e-28,4.73964e-11,0.00822352,0.82968193,4.6095894e-07,0.16209278
,,,,,,,,,,,,,,,,,3.4343987e-18,2.1082467e-06,0.0,3.0572005e-06,6.727446e-29,2.5842553e-10,0.0199881,0.6177828,1.1585465e-07,0.36222383
,,,,,,,,,,,,,,,,,2.3586829e-26,0.020628216,0.0,0.021331143,0.0,4.0656836e-05,0.0031812524,1.0029175e-18,0.0,0.9548188
,,,,,,,,,,,,,,,,,3.8140334e-18,3.982638e-06,0.0,5.6961235e-06,2.5051003e-29,4.649741e-10,0.0291826,0.5693379,6.2898934e-08,0.40146962
,,,,,,,,,,,,,,,,,1.750852e-17,8.131019e-24,4.5709283e-32,1.2744448e-23,2.7658806e-09,4.6816762e-34,6.4769184e-12,0.77918345,0.22081241,4.090302e-06
,,,,,,,,,,,,,,,,,1.8892226e-17,9.4432874e-24,4.1167722e-32,1.4660683e-23,2.431601e-09,5.454872e-34,7.2707994e-12,0.7951441,0.20485124,4.7027297e-06
,,,,,,,,,,,,,,,,,8.1297364e-22,2.3011734e-10,0.0,2.932621e-10,8.503475e-34,1.2598443e-15,1.9235362e-05,0.9997756,1.4696356e-07,0.00020510264
,,,,,,,,,,,,,,,,,7.9027757e-22,1.9880803e-10,0.0,2.540893e-10,1.04359195e-33,1.0980912e-15,1.7610437e-05,0.9997814,1.6502236e-07,0.00020080253
,,,,,,,,,,,,,,,,,1.6600026e-17,7.1141685e-24,6.01163e-32,1.0685419e-23,3.0712608e-09,3.998835e-34,5.4502045e-12,0.77238905,0.22760731,3.638255e-06
,,,,,,,,,,,,,,,,,1.1500285e-25,0.07232727,0.0,0.0612893,0.0,1.2565556e-05,0.010272756,1.9352563e-13,4.7845603e-37,0.8560982
,,,,,,,,,,,,,,,,,6.534723e-24,0.14947231,0.0,0.14784028,0.0,7.607007e-08,0.11096234,8.349257e-13,1.2287758e-38,0.591725
,,,,,,,,,,,,,,,,,6.536101e-24,0.14945936,0.0,0.147841,0.0,7.6061745e-08,0.11096712,8.351847e-13,1.2296728e-38,0.5917324
,,,,,,,,,,,,,,,,,6.536101e-24,0.14945936,0.0,0.147841,0.0,7.6061745e-08,0.11096712,8.351847e-13,1.2296728e-38,0.5917324
,,,,,,,,,,,,,,,,,6.5416e-24,0.14940718,0.0,0.14784351,0.0,7.602822e-08,0.110984236,8.361998e-13,1.2332639e-38,0.591765
,,,,,,,,,,,,,,,,,3.1858154e-20,2.3751359e-09,0.0,3.0170344e-09,0.0,2.4777616e-17,0.0006943986,0.99701786,2.2395807e-10,0.0022878153
,,,,,,,,,,,,,,,,,6.538835e-24,0.14943293,0.0,0.14784192,0.0,7.6044806e-08,0.11097543,8.3569344e-13,1.2314642e-38,0.5917496
,,,,,,,,,,,,,,,,,3.4875888e-23,6.3339775e-23,0.0,1.677909e-22,4.2347948e-19,0.0,3.265451e-11,0.99999666,1.0805169e-06,2.2885715e-06
,,,,,,,,,,,,,,,,,3.058055e-23,7.560909e-23,0.0,1.9535047e-22,3.0340778e-19,0.0,3.4041176e-11,0.99999666,9.667014e-07,2.3529103e-06
,,,,,,,,,,,,,,,,,3.6650276e-23,6.131775e-23,0.0,1.6306396e-22,4.894733e-19,0.0,3.1808996e-11,0.99999654,1.1520088e-06,2.311956e-06
,,,,,,,,,,,,,,,,,3.4418197e-23,6.460506e-23,0.0,1.701792e-22,4.114678e-19,0.0,3.2762938e-11,0.99999666,1.0684787e-06,2.3032414e-06
,,,,,,,,,,,,,,,,,6.1006735e-23,9.242916e-09,0.0,9.635855e-09,0.0,6.7543543e-22,0.0034287886,0.98230964,2.5597037e-16,0.014261572
,,,,,,,,,,,,,,,,,4.8316778e-23,5.835252e-10,0.0,6.5241623e-10,0.0,3.796712e-23,0.00073943334,0.99025047,1.953106e-15,0.009010066
,,,,,,,,,,,,,,,,,3.1890163e-21,5.12696e-28,3.7439345e-26,1.2470621e-27,0.020209357,0.0,2.1929876e-15,0.25604793,0.7099546,0.013788104
,,,,,,,,,,,,,,,,,2.6645047e-21,1.2399949e-27,2.1353063e-27,2.881403e-27,0.005802752,0.0,5.059945e-15,0.3604774,0.61015236,0.023567468
,,,,,,,,,,,,,,,,,3.0907282e-21,8.750892e-28,7.684056e-27,2.2060586e-27,0.011055133,0.0,3.8694735e-15,0.31399474,0.65595084,0.018999308
,,,,,,,,,,,,,,,,,3.6205335e-24,9.1145236e-10,0.0,9.649284e-10,0.0,1.3434665e-18,0.00034463743,0.27798173,1.5175081e-15,0.7216736
,,,,,,,,,,,,,,,,,9.14381e-22,2.296688e-26,2.0798787e-32,5.3494605e-26,2.735635e-05,1.9222619e-38,6.8571044e-14,0.7524443,0.15676834,0.090759985
,,,,,,,,,,,,,,,,,2.4319675e-21,4.0513516e-27,7.518669e-29,8.821665e-27,0.001280596,0.0,1.4277393e-14,0.5368182,0.4147545,0.047146678
,,,,,,,,,,,,,,,,,1.5842586e-25,3.8852467e-36,1.2129492e-15,6.7978356e-36,0.17428751,0.0,1.5670645e-22,0.5786697,0.23788635,0.009156334
,,,,,,,,,,,,,,,,,4.367835e-27,2.5762044e-12,0.0,2.7266043e-12,0.0,2.761546e-19,1.9042731e-07,0.35579056,2.7311049e-17,0.64420927
,,,,,,,,,,,,,,,,,9.053709e-27,1.7239815e-33,8.806035e-28,4.2451395e-33,1.0204734e-06,0.0,3.0198442e-20,0.9734298,0.0044194697,0.02214972
,,,,,,,,,,,,,,,,,1.4585152e-25,3.316798e-36,1.4243447e-15,5.7906865e-36,0.19501513,0.0,1.3949641e-22,0.54827976,0.24850453,0.008200576
,,,,,,,,,,,,,,,,,1.48223e-25,3.4530193e-36,1.3490881e-15,6.0334335e-36,0.18911219,0.0,1.438367e-22,0.5561561,0.24631499,0.008416709
,,,,,,,,,,,,,,,,,1.5168685e-25,3.7773496e-36,1.1906642e-15,6.615712e-36,0.17554228,0.0,1.5458504e-22,0.5740022,0.24160439,0.008851058
,,,,,,,,,,,,,,,,,6.2464815e-20,4.6753115e-28,2.486361e-17,8.660972e-28,2.8596213e-07,3.33523e-37,1.5803493e-16,0.42216185,2.7935515e-05,0.5778099
,,,,,,,,,,,,,,,,,6.092031e-20,4.4849097e-28,2.1223671e-17,8.333268e-28,3.7345356e-07,3.5412812e-37,1.6956663e-16,0.47734985,3.8861966e-05,0.5226109
,,,,,,,,,,,,,,,,,5.2505616e-20,5.9168685e-28,5.1069155e-18,1.0967387e-27,1.5680222e-07,4.898838e-37,2.1724188e-16,0.45420158,2.5046149e-05,0.5457732
,,,,,,,,,,,,,,,,,3.9887874e-20,7.9457023e-28,8.5536876e-19,1.5462032e-27,6.661135e-08,6.214088e-37,3.26424e-16,0.46999946,1.8417415e-05,0.529982
,,,,,,,,,,,,,,,,,2.9245552e-20,8.318736e-28,2.5175596e-19,1.6863514e-27,5.2670185e-08,6.3452835e-37,4.3519348e-16,0.523354,2.1278922e-05,0.4766247
,,,,,,,,,,,,,,,,,2.7810294e-20,1.0129867e-27,1.0961653e-19,2.0239619e-27,2.8085573e-08,7.957329e-37,5.087512e-16,0.49153134,1.4321492e-05,0.5084543
,,,,,,,,,,,,,,,,,1.5950297e-27,4.8248213e-32,1.0645176e-37,3.24502e-32,3.8066924e-21,1.1772736e-33,3.2546592e-13,0.59444004,6.89011e-14,0.40556002
,,,,,,,,,,,,,,,,,1.6244948e-27,4.8270018e-32,1.5112564e-37,3.2069996e-32,2.936387e-21,1.2626468e-33,3.2012674e-13,0.5488879,4.9659776e-14,0.4511121
,,,,,,,,,,,,,,,,,1.5992771e-27,2.508611e-32,9.564113e-37,1.7811531e-32,1.784163e-20,5.8677266e-34,2.096499e-13,0.68411314,1.643334e-13,0.31588683
,,,,,,,,,,,,,,,,,1.5043825e-27,2.8761135e-32,3.5725647e-37,2.0580546e-32,1.6600998e-20,6.305147e-34,2.3443327e-13,0.7102422,1.9286456e-13,0.2897578
,,,,,,,,,,,,,,,,,1.4707736e-27,2.477692e-32,5.520585e-37,1.8149183e-32,2.158524e-20,5.6104187e-34,2.0685831e-13,0.72550887,2.2801596e-13,0.27449113
,,,,,,,,,,,,,,,,,1.5696749e-27,5.40073e-32,8.1322736e-38,3.5573219e-32,2.4412788e-21,1.3523867e-33,3.465604e-13,0.558675,4.900705e-14,0.44132495
,,,,,,,,,,,,,,,,,2.7604286e-30,0.34159487,0.0,0.34286383,0.0,9.979802e-11,0.02527935,1.1153557e-09,0.0,0.29026192
,,,,,,,,,,,,,,,,,2.8784009e-30,0.33758488,0.0,0.34194228,0.0,9.88095e-11,0.025655162,1.1835658e-09,0.0,0.29481766
,,,,,,,,,,,,,,,,,2.9380923e-30,0.33561602,0.0,0.34147388,0.0,9.832321e-11,0.025840668,1.2185335e-09,0.0,0.29706952
,,,,,,,,,,,,,,,,,2.7199027e-30,0.34301156,0.0,0.3431791,0.0,1.0014542e-10,0.025147479,1.0922189e-09,0.0,0.28866187
,,,,,,,,,,,,,,,,,5.7230378e-30,2.9056807e-12,0.0,3.2668948e-12,0.0,3.6956252e-20,1.0808427e-06,0.99111384,6.5610506e-28,0.008885091
,,,,,,,,,,,,,,,,,2.7987966e-30,0.3402742,0.0,0.34256387,0.0,9.9472874e-11,0.025402945,1.1373998e-09,0.0,0.29175898
,,,,,,,,,,,,,,,,,5.3388343e-24,0.2181496,0.0,0.21760936,0.0,2.0500567e-05,0.011689848,4.5802517e-05,0.0,0.55248487
,,,,,,,,,,,,,,,,,5.333006e-24,0.21828087,0.0,0.2176722,0.0,2.0514779e-05,0.0116860885,4.57232e-05,0.0,0.55229455
,,,,,,,,,,,,,,,,,5.3339497e-24,0.21825956,0.0,0.21766256,0.0,2.0512463e-05,0.01168673,4.5736528e-05,0.0,0.5523249
,,,,,,,,,,,,,,,,,5.3348892e-24,0.21823636,0.0,0.21765107,0.0,2.0509973e-05,0.011687363,4.574947e-05,0.0,0.5523589
,,,,,,,,,,,,,,,,,5.3348892e-24,0.21823636,0.0,0.21765107,0.0,2.0509973e-05,0.011687363,4.574947e-05,0.0,0.5523589
,,,,,,,,,,,,,,,,,5.3348892e-24,0.21823636,0.0,0.21765107,0.0,2.0509973e-05,0.011687363,4.574947e-05,0.0,0.5523589
,,,,,,,,,,,,,,,,,4.3526385e-23,0.0233026,0.0,0.026416589,0.0,3.528158e-07,0.11580822,0.47363824,0.0,0.36083394
,,,,,,,,,,,,,,,,,4.415294e-23,0.019897932,0.0,0.023319015,0.0,2.9756643e-07,0.1082654,0.50929356,0.0,0.33922386
,,,,,,,,,,,,,,,,,4.3589655e-23,0.023002207,0.0,0.02614558,0.0,3.4783224e-07,0.11518557,0.47667387,0.0,0.35899246
,,,,,,,,,,,,,,,,,3.9793353e-23,0.037614673,0.0,0.038287263,0.0,5.9396086e-07,0.13903654,0.35916707,0.0,0.42589384
,,,,,,,,,,,,,,,,,4.3483875e-23,0.021805743,0.0,0.02527851,0.0,3.318014e-07,0.1125796,0.48654866,0.0,0.3537871
,,,,,,,,,,,,,,,,,4.355669e-23,0.018228179,0.0,0.022246053,0.0,2.7842023e-07,0.10410505,0.52264124,0.0,0.33277923
,,,,,,,,,,,,,,,,,3.0487867e-34,3.6072132e-23,0.0,3.7350308e-23,0.0,2.041773e-20,1.6704541e-15,0.99995387,2.9604683e-27,4.611486e-05
,,,,,,,,,,,,,,,,,3.0512068e-34,3.612997e-23,0.0,3.741248e-23,0.0,2.0455618e-20,1.6720606e-15,0.99995387,2.9532944e-27,4.6158504e-05
,,,,,,,,,,,,,,,,,3.0492519e-34,3.608369e-23,0.0,3.7362847e-23,0.0,2.0425364e-20,1.6707855e-15,0.99995387,2.9590228e-27,4.6123652e-05
,,,,,,,,,,,,,,,,,3.0521846e-34,3.6153685e-23,0.0,3.7437606e-23,0.0,2.0470917e-20,1.6727115e-15,0.99995387,2.9504567e-27,4.6176465e-05
