y_A_0,y_A_1,y_A_2,y_A_3,y_A_4,y_A_5,y_A_6,y_A_7,y_A_8,y_A_9
0.0007230424,0.030680899,1.64184e-06,0.013914823,0.1298994,0.12637617,0.07100929,0.072981015,0.09635001,0.45806378
0.00072937895,0.030739924,1.6420427e-06,0.013855014,0.12946436,0.12637815,0.07111178,0.07309625,0.097145,0.45747852
0.0007253344,0.030723842,1.6428293e-06,0.013843566,0.12972404,0.12683965,0.07103615,0.073014535,0.09701115,0.45708004
0.00072027475,0.030498294,1.6437632e-06,0.013800619,0.12965712,0.12704703,0.07052746,0.072853796,0.09661911,0.45827463
0.00073084206,0.031086538,1.6433542e-06,0.013826111,0.12969424,0.12787423,0.07122569,0.072798446,0.0978766,0.45488575
0.0007243586,0.030217767,1.663992e-06,0.013580967,0.12865469,0.1277815,0.07052808,0.07317168,0.09686337,0.45847592
0.17227353,0.14901356,9.565158e-06,0.20967697,0.018373845,0.0037289378,0.045479517,0.12945275,0.013799986,0.25819132
0.17271641,0.14833753,9.577245e-06,0.20923434,0.018178014,0.0037443186,0.045507118,0.12826261,0.013638979,0.26037103
0.17203483,0.14856276,9.547932e-06,0.21013981,0.018366871,0.0036872383,0.04520364,0.12924959,0.013728709,0.25901702
0.16639794,0.1477251,9.092481e-06,0.21264382,0.018787032,0.0036563845,0.045005556,0.13065183,0.013844579,0.26127863
0.1663514,0.14780974,9.085136e-06,0.21295708,0.018824061,0.0036109912,0.044711765,0.13077769,0.013821818,0.26112634
0.16347173,0.14752083,8.839569e-06,0.21364756,0.018883491,0.0035649328,0.044562154,0.13151804,0.013736238,0.26308614
7.2266118e-09,0.21861622,5.5569722e-14,0.26103362,4.4493997e-10,0.00067856873,0.13300785,0.12189748,9.132967e-11,0.2647663
7.2270083e-09,0.21863125,5.5580296e-14,0.2610472,4.450068e-10,0.0006785729,0.13299473,0.1218826,9.1341996e-11,0.26476568
7.236591e-09,0.21868265,5.557274e-14,0.26084676,4.4493784e-10,0.0006786082,0.1329558,0.121829726,9.121381e-11,0.26500654
7.2384547e-09,0.21854755,5.5606988e-14,0.26099133,4.4511525e-10,0.0006788859,0.13297647,0.12189376,9.130799e-11,0.26491204
7.240426e-09,0.21868463,5.560442e-14,0.26080346,4.4499196e-10,0.0006787085,0.13294482,0.121830426,9.1229434e-11,0.26505798
7.227668e-09,0.21863702,5.5586537e-14,0.2610042,4.450084e-10,0.00067863584,0.13299723,0.12187589,9.134145e-11,0.26480702
5.4763345e-09,0.11906903,1.2406913e-19,0.1294308,6.2287466e-15,0.085395455,0.20877431,2.0829478e-07,2.082151e-15,0.4573303
5.476209e-09,0.11907061,1.2407267e-19,0.12942882,6.2288533e-15,0.08539453,0.20876943,2.0829457e-07,2.0822105e-15,0.45733637
5.4760396e-09,0.119070105,1.240634e-19,0.12943119,6.2285183e-15,0.08539319,0.20877002,2.0828932e-07,2.082031e-15,0.45733532
5.475436e-09,0.11906774,1.2404616e-19,0.12942922,6.227843e-15,0.085392594,0.20877562,2.082765e-07,2.0816622e-15,0.4573346
5.475502e-09,0.11906547,1.2404932e-19,0.12942983,6.22793e-15,0.08539459,0.20877586,2.0827841e-07,2.0817548e-15,0.457334
5.475447e-09,0.11906216,1.2404951e-19,0.129432,6.2277733e-15,0.08539726,0.2087824,2.0828308e-07,2.081766e-15,0.457326
8.65108e-05,0.06491461,5.1417096e-06,0.10562739,0.014222512,0.17818683,0.0017119366,6.0860344e-07,0.00075379934,0.63449067
8.710398e-05,0.06748753,5.308191e-06,0.105303556,0.013761187,0.18376234,0.0017492551,6.138304e-07,0.000769426,0.6270737
8.535107e-05,0.06708704,5.335582e-06,0.10446642,0.013594806,0.18631308,0.0017164962,5.9807877e-07,0.0007733579,0.6259575
8.725752e-05,0.068208896,5.6814074e-06,0.10223882,0.013851096,0.18756132,0.0017393398,6.140615e-07,0.0008067796,0.6255002
8.701468e-05,0.067450814,5.6140916e-06,0.103375815,0.013963164,0.1844116,0.0017395304,6.058225e-07,0.00079715514,0.62816864
8.712144e-05,0.065460466,5.176087e-06,0.10282929,0.01304752,0.18781452,0.0017267946,6.087494e-07,0.0007755192,0.628253
0.15454829,0.00019895393,2.7178265e-14,3.3925204e-05,1.1204438e-07,0.0029663239,0.08819604,0.010612384,0.1334399,0.6100041
0.15523817,0.00019864077,2.7369002e-14,3.3880075e-05,1.1180488e-07,0.0029569813,0.08815855,0.010603585,0.13443202,0.6083781
0.15476091,0.00019772703,2.7374914e-14,3.374456e-05,1.1206828e-07,0.002962817,0.08781865,0.010612745,0.13449298,0.6091203
0.15486427,0.00019757604,2.7418753e-14,3.372651e-05,1.12017524e-07,0.002961159,0.08783097,0.010616339,0.13472636,0.60876954
0.15424162,0.00019820896,2.7203375e-14,3.3818098e-05,1.1222236e-07,0.0029702538,0.08796003,0.010622716,0.13358256,0.6103907
0.15427835,0.00019830003,2.7207567e-14,3.3829245e-05,1.1222188e-07,0.0029701735,0.08799314,0.010622105,0.13357295,0.6103311
1.19480985e-08,0.28360397,1.3606187e-21,0.2793757,6.860506e-08,1.0987031e-06,0.0018168611,0.18413448,2.9421902e-11,0.25106782
1.1959249e-08,0.28376415,1.3628837e-21,0.27909425,6.8687875e-08,1.098015e-06,0.0018156298,0.18419684,2.9485723e-11,0.25112793
1.19489805e-08,0.2834043,1.3602053e-21,0.27960184,6.8580036e-08,1.0995684e-06,0.001817966,0.18415318,2.9407244e-11,0.25102147
1.1943875e-08,0.2835216,1.3597047e-21,0.2795168,6.857107e-08,1.0991396e-06,0.0018176608,0.18411893,2.9394234e-11,0.25102386
1.1948508e-08,0.28350335,1.3603695e-21,0.27949506,6.859518e-08,1.0992135e-06,0.0018175595,0.18415166,2.941528e-11,0.25103116
1.1959349e-08,0.28365993,1.3623572e-21,0.2792092,6.8674375e-08,1.0984819e-06,0.0018159412,0.18419595,2.9478944e-11,0.25111783
2.7695863e-13,0.1916253,5.240329e-27,0.18827905,2.9540955e-14,6.83568e-05,0.01790301,0.14744154,1.4908693e-16,0.45468277
2.7703913e-13,0.19162662,5.2422823e-27,0.18824822,2.95456e-14,6.8360045e-05,0.017902996,0.14744894,1.491442e-16,0.45470476
2.7712598e-13,0.19162455,5.2442957e-27,0.1882424,2.955362e-14,6.836191e-05,0.017903453,0.14748482,1.492214e-16,0.45467642
2.7704122e-13,0.1916256,5.2423412e-27,0.18825115,2.954627e-14,6.8357884e-05,0.017902808,0.14745604,1.4914931e-16,0.45469603
2.7700268e-13,0.19162607,5.2413825e-27,0.18825603,2.95416e-14,6.8359324e-05,0.017903347,0.14744312,1.491112e-16,0.45470303
2.7691846e-13,0.19163123,5.2395587e-27,0.18828146,2.9536784e-14,6.835503e-05,0.017903462,0.14743364,1.490474e-16,0.45468184
4.6197084e-15,0.008699264,7.681363e-29,0.008851997,2.0795084e-14,0.4150264,2.4124809e-05,0.13461721,2.374701e-14,0.432781
4.6196444e-15,0.008699136,7.681256e-29,0.008852169,2.0794915e-14,0.41501752,2.4124705e-05,0.1346188,2.3745732e-14,0.43278822
4.620403e-15,0.0086989375,7.683016e-29,0.008851614,2.0798132e-14,0.41501477,2.4124203e-05,0.13462718,2.3752484e-14,0.43278334
4.620297e-15,0.008698958,7.682429e-29,0.008851778,2.0797376e-14,0.4150122,2.4123927e-05,0.13462299,2.375153e-14,0.43278992
4.6197905e-15,0.008699108,7.6814994e-29,0.008852454,2.079605e-14,0.41501245,2.4124272e-05,0.13462147,2.3747207e-14,0.43279037
4.6190934e-15,0.008699206,7.680047e-29,0.008852249,2.0792275e-14,0.41502085,2.4124658e-05,0.13461244,2.3741812e-14,0.43279108
1.4634571e-18,1.8652548e-06,1.398297e-31,1.952553e-06,5.546214e-17,0.1072696,0.1544831,0.3020182,6.948248e-10,0.43622524
1.6114983e-18,1.7725189e-06,1.64225e-31,1.8911348e-06,6.146175e-17,0.1071123,0.14842889,0.3133352,8.563378e-10,0.43111995
1.6934689e-18,1.6520395e-06,1.8590552e-31,1.8168311e-06,6.521194e-17,0.104417495,0.14253272,0.32418635,9.769194e-10,0.42885992
1.7960684e-18,1.6061259e-06,2.0366664e-31,1.8053236e-06,7.0337537e-17,0.105448365,0.14204426,0.33017433,1.1121166e-09,0.4223296
1.7362079e-18,1.6074985e-06,1.945479e-31,1.8158698e-06,6.732404e-17,0.10441163,0.1413564,0.3274124,1.041433e-09,0.4268162
1.878458e-18,1.5092847e-06,2.2648873e-31,1.7517297e-06,7.500899e-17,0.104034744,0.13704994,0.3372642,1.2452003e-09,0.42164785
7.7413307e-07,0.106495045,3.739353e-14,0.10736162,4.487329e-09,0.12278986,0.03041054,0.0050094314,0.097279385,0.5306533
7.374183e-07,0.107444316,3.4706115e-14,0.10843458,4.3472093e-09,0.12613228,0.031064834,0.005007164,0.09338735,0.5285287
7.415414e-07,0.10743515,3.3956914e-14,0.10976892,4.34272e-09,0.12617277,0.03155953,0.005059179,0.091135904,0.5288678
7.3505726e-07,0.10985508,3.5032442e-14,0.11134672,4.394617e-09,0.12765867,0.032005344,0.004992789,0.09118465,0.52295595
7.448135e-07,0.10643927,3.5519232e-14,0.106979236,4.330242e-09,0.1259872,0.030691132,0.0049104914,0.09430896,0.530683
7.1803237e-07,0.108426444,3.3148634e-14,0.108136676,4.2670285e-09,0.12786947,0.03134724,0.004992894,0.092169985,0.5270566
1.7214208e-19,4.0816886e-07,1.4742163e-30,4.9057024e-07,3.857852e-20,0.16740887,0.09379366,0.18363978,0.010995178,0.5441617
1.7252743e-19,4.0870393e-07,1.4789939e-30,4.901511e-07,3.8658244e-20,0.16727573,0.093772165,0.18373957,0.0110247,0.54418695
1.6673595e-19,3.9276628e-07,1.3910257e-30,4.9761803e-07,3.6684216e-20,0.17352164,0.09633813,0.18283108,0.01035289,0.5369555
1.6794609e-19,3.955645e-07,1.4086297e-30,4.9629006e-07,3.7091124e-20,0.17231713,0.09580398,0.1830261,0.0104961265,0.53835577
1.6962821e-19,4.019199e-07,1.4374348e-30,4.933356e-07,3.7768117e-20,0.16977495,0.094782084,0.18328187,0.010714002,0.5414462
1.7035254e-19,4.0453975e-07,1.4501185e-30,4.9213685e-07,3.8076093e-20,0.1687359,0.094342254,0.18336277,0.01081548,0.5427427
5.0226327e-22,8.2607136e-07,0.0,1.381545e-06,8.004752e-27,2.6048019e-08,0.08245819,0.4150026,1.1132298e-10,0.50253695
5.019666e-22,8.2598353e-07,0.0,1.3817063e-06,7.99926e-27,2.6053295e-08,0.08248984,0.414967,1.1121861e-10,0.502541
5.0212595e-22,8.260102e-07,0.0,1.3817299e-06,8.0018915e-27,2.6053119e-08,0.08247642,0.41498002,1.1126793e-10,0.5025414
5.02337e-22,8.260807e-07,0.0,1.3813576e-06,8.006628e-27,2.6047168e-08,0.08245562,0.41501206,1.113767e-10,0.50253016
5.0223666e-22,8.2594966e-07,0.0,1.3816076e-06,8.0043274e-27,2.6052602e-08,0.08247671,0.41500878,1.11329404e-10,0.5025123
5.020479e-22,8.2592504e-07,0.0,1.3817797e-06,8.000952e-27,2.6055377e-08,0.08248911,0.41498017,1.1125317e-10,0.5025284
1.935558e-18,3.1821302e-05,0.0,5.3161315e-05,4.8222812e-29,1.5422947e-05,0.11983927,0.39136228,1.1513319e-11,0.48869807
1.9375293e-18,3.1830692e-05,0.0,5.313427e-05,4.826751e-29,1.5422924e-05,0.119859666,0.39151546,1.1527047e-11,0.48852447
1.9440763e-18,3.1857544e-05,0.0,5.3112948e-05,4.8451483e-29,1.542075e-05,0.11988717,0.39218202,1.1572439e-11,0.48783037
1.9431602e-18,3.1845113e-05,0.0,5.3094656e-05,4.8400582e-29,1.5427426e-05,0.119920254,0.39199552,1.1566479e-11,0.48798382
1.9612243e-18,3.1891428e-05,0.0,5.285886e-05,4.8757814e-29,1.5464027e-05,0.12029801,0.39330947,1.1691586e-11,0.48629227
1.9325328e-18,3.181207e-05,0.0,5.3179152e-05,4.8144135e-29,1.5421798e-05,0.119829014,0.39113775,1.1490873e-11,0.4889329
2.7233208e-15,0.13076928,0.0,0.13971229,5.815031e-31,0.0031378116,0.17975582,0.31514388,9.123742e-12,0.23148094
2.7647988e-15,0.12981847,0.0,0.13728586,5.7350084e-31,0.0031835828,0.18195714,0.31352216,9.316389e-12,0.23423281
2.563086e-15,0.12933506,0.0,0.13829811,5.2074828e-31,0.0033897986,0.18870455,0.30001867,8.345998e-12,0.24025379
2.7666248e-15,0.13127275,0.0,0.14030342,6.0124397e-31,0.0030626443,0.17695484,0.3197254,9.342333e-12,0.22868098
2.5471797e-15,0.1306052,0.0,0.14109272,5.3765405e-31,0.0033000272,0.18496458,0.30399683,8.281938e-12,0.23604056
2.6260908e-15,0.13023676,0.0,0.13950847,5.4933625e-31,0.0032631725,0.18412222,0.30719435,8.651427e-12,0.23567496
5.5916393e-16,0.11083665,0.0,0.1005005,1.2885898e-24,1.7908907e-05,0.061669532,0.61649215,2.5803113e-11,0.11048332
5.7300175e-16,0.11029757,0.0,0.09796475,1.3069833e-24,1.7969533e-05,0.062192794,0.6207242,2.6535038e-11,0.10880276
5.7439993e-16,0.110144034,0.0,0.09765036,1.3104772e-24,1.799099e-05,0.062288918,0.621309,2.6655853e-11,0.10858978
5.515296e-16,0.11105619,0.0,0.10154069,1.2712778e-24,1.785422e-05,0.061511707,0.6146541,2.52298e-11,0.11121942
5.4961003e-16,0.11121434,0.0,0.10177415,1.2652594e-24,1.7846833e-05,0.061484028,0.614094,2.5054047e-11,0.11141562
5.9781177e-16,0.109128244,0.0,0.093712665,1.3464386e-24,1.8126022e-05,0.06311511,0.62818855,2.8043701e-11,0.105837315
1.7917849e-17,0.1041041,0.0,0.0857625,4.2017266e-25,5.246817e-06,0.0011338878,0.3398831,0.00047629108,0.4686349
1.5226815e-17,0.12084805,0.0,0.102256134,3.255833e-25,4.9681908e-06,0.0010777917,0.31641075,0.00036269423,0.45903954
1.6270236e-17,0.11179016,0.0,0.091156274,3.6926752e-25,5.052722e-06,0.001032273,0.3237348,0.0004111459,0.4718703
1.4690903e-17,0.1238827,0.0,0.09849118,3.1049543e-25,5.0742156e-06,0.001007483,0.31525475,0.0003372001,0.46102166
1.245384e-17,0.13609669,0.0,0.116924584,2.3824132e-25,5.1871502e-06,0.0010269481,0.30395973,0.00024568982,0.44174117
9.806279e-18,0.14923309,0.0,0.1367224,1.5701201e-25,5.823e-06,0.0010882439,0.2851127,0.00015275637,0.42768496
4.336868e-23,0.19239958,0.0,0.19140692,4.212418e-34,5.728044e-05,0.021890283,0.21309674,2.9252223e-12,0.38114923
4.3384945e-23,0.19239558,0.0,0.1913812,4.215332e-34,5.727308e-05,0.021888513,0.21312341,2.9278047e-12,0.38115403
4.3389612e-23,0.19240159,0.0,0.1913622,4.216477e-34,5.726864e-05,0.021887736,0.2131325,2.9287115e-12,0.38115868
4.339014e-23,0.19238925,0.0,0.19135194,4.2165924e-34,5.7276e-05,0.021887833,0.21312127,2.9285907e-12,0.3811924
4.339785e-23,0.19239685,0.0,0.19133595,4.218179e-34,5.7269903e-05,0.02188613,0.21312766,2.929983e-12,0.38119617
4.344749e-23,0.19242358,0.0,0.19119744,4.2298396e-34,5.7218895e-05,0.02187348,0.21319732,2.9390299e-12,0.38125095
5.9472466e-17,0.013504834,0.0,0.0087493975,1.4728338e-31,0.0051279203,0.058998734,0.33163106,0.023787819,0.5582003
5.945817e-17,0.013504603,0.0,0.0087493295,1.471604e-31,0.0051281545,0.059009306,0.33158424,0.023770764,0.5582535
5.9233576e-17,0.013535258,0.0,0.008763356,1.4655531e-31,0.005139943,0.05908621,0.33196765,0.023628905,0.5578787
5.933451e-17,0.013520877,0.0,0.008756683,1.4684871e-31,0.0051328074,0.059038743,0.331768,0.023690669,0.5580922
5.911612e-17,0.013555729,0.0,0.008770569,1.4630487e-31,0.005145577,0.05912007,0.3322472,0.023563797,0.5575971
5.922388e-17,0.013535187,0.0,0.008763794,1.4656823e-31,0.005138563,0.0590797,0.3319975,0.023625491,0.5578597
1.6852261e-22,2.8682591e-06,0.0,1.8085535e-06,3.485992e-36,4.355373e-07,0.065336436,0.5022408,0.1278479,0.30456984
1.6028759e-22,2.9287553e-06,0.0,1.866572e-06,3.2729945e-36,4.4283757e-07,0.06703886,0.51160866,0.11581442,0.30553278
1.7166103e-22,2.8465086e-06,0.0,1.7817956e-06,3.5806326e-36,4.3535383e-07,0.06455714,0.4987812,0.1332782,0.30337837
1.8323916e-22,2.7637263e-06,0.0,1.7216427e-06,3.8525862e-36,4.2621286e-07,0.062748596,0.48536125,0.14964607,0.30223918
1.7803394e-22,2.759776e-06,0.0,1.6921088e-06,3.8580942e-36,4.3700987e-07,0.061993197,0.49055928,0.1473117,0.30013093
1.9073829e-22,2.6388982e-06,0.0,1.603408e-06,4.2271983e-36,4.2880765e-07,0.05942325,0.4743994,0.16879618,0.29737648
8.2441e-29,3.8060404e-09,0.0,3.6428214e-09,0.0,2.0221253e-12,0.10276718,0.45433298,0.00033191574,0.44256786
7.888724e-29,3.8546752e-09,0.0,3.705591e-09,0.0,2.1822938e-12,0.10779209,0.4467811,0.0002878602,0.44513902
7.0017845e-29,4.0945984e-09,0.0,3.972332e-09,0.0,2.3826804e-12,0.11343809,0.44202211,0.00020585372,0.444334
6.442267e-29,4.476335e-09,0.0,4.3640087e-09,0.0,2.6418874e-12,0.11896079,0.43381253,0.0001494654,0.44707724
6.997533e-29,4.485126e-09,0.0,4.245687e-09,0.0,2.562113e-12,0.11490288,0.43095794,0.00017162383,0.45396757
7.423065e-29,4.2020374e-09,0.0,3.8671946e-09,0.0,2.2156244e-12,0.11212399,0.44897228,0.00023522804,0.4386685
1.5388085e-29,3.331908e-06,0.0,3.2128996e-06,0.0,1.1571736e-17,4.9207947e-06,0.5035018,7.5654864e-11,0.49648675
1.5164055e-29,3.2951818e-06,0.0,3.176437e-06,0.0,1.19047015e-17,5.00546e-06,0.49776152,7.340178e-11,0.502227
1.5069829e-29,3.3013564e-06,0.0,3.2306e-06,0.0,1.20841955e-17,5.0425965e-06,0.49854252,7.082284e-11,0.50144595
1.599664e-29,3.4317427e-06,0.0,3.2656724e-06,0.0,1.0613204e-17,4.674497e-06,0.51733166,8.393525e-11,0.48265702
1.5503766e-29,3.3434249e-06,0.0,3.2187581e-06,0.0,1.14188e-17,4.8835172e-06,0.50575656,7.703889e-11,0.49423206
1.592988e-29,3.3375493e-06,0.0,3.0443673e-06,0.0,1.0706965e-17,4.7223184e-06,0.50496167,8.863187e-11,0.4950272
3.4864336e-26,0.00033553806,0.0,0.00033781515,0.0,8.4675805e-22,1.5508012e-10,0.4897563,2.7156858e-07,0.50957006
4.1805548e-26,0.00028564688,0.0,0.000255936,0.0,6.4966066e-22,1.398248e-10,0.52709115,7.509765e-07,0.47236654
3.7322057e-26,0.00030866676,0.0,0.0002935168,0.0,8.2394414e-22,1.5275432e-10,0.4867873,3.9874885e-07,0.5126101
3.3680336e-26,0.00034707726,0.0,0.00036762856,0.0,9.773074e-22,1.6764089e-10,0.4737503,2.0834763e-07,0.52553475
3.0880167e-26,0.00034996142,0.0,0.00035264232,0.0,1.2420617e-21,1.8557174e-10,0.41753033,1.371536e-07,0.58176696
3.174138e-26,0.00036951035,0.0,0.0003904095,0.0,1.1604958e-21,1.8010451e-10,0.43830317,1.4088202e-07,0.5609368
1.6984217e-24,6.04524e-08,0.0,4.578688e-08,0.0,2.5366398e-19,7.230285e-14,0.38633665,1.8088416e-11,0.6136632
1.5732202e-24,6.806832e-08,0.0,5.5997027e-08,0.0,2.3555798e-19,7.244085e-14,0.40262863,1.2911479e-11,0.5973712
1.3073813e-24,7.934882e-08,0.0,6.957615e-08,0.0,2.7089356e-19,6.4728706e-14,0.37389427,5.6316115e-12,0.62610555
3.046293e-24,3.792607e-08,0.0,2.4671715e-08,0.0,1.4484487e-19,8.553187e-14,0.47682646,1.7895625e-10,0.5231735
1.848841e-24,6.1980124e-08,0.0,4.8441816e-08,0.0,1.7685743e-19,7.125211e-14,0.434038,2.4763903e-11,0.5659619
1.4648653e-24,7.185885e-08,0.0,5.984229e-08,0.0,2.4761153e-19,6.58865e-14,0.37582958,8.351733e-12,0.6241703
2.1721595e-26,0.031302724,0.0,0.03095433,0.0,1.3755755e-14,1.5290656e-08,0.42209423,2.8467005e-08,0.5156487
2.1771922e-26,0.031237671,0.0,0.03091222,0.0,1.3706054e-14,1.5274225e-08,0.4227467,2.8712407e-08,0.51510346
2.1840902e-26,0.031253763,0.0,0.030833255,0.0,1.3741274e-14,1.530664e-08,0.4226616,2.893156e-08,0.51525134
2.1791243e-26,0.031273983,0.0,0.030883376,0.0,1.3745063e-14,1.5297667e-08,0.42242956,2.873679e-08,0.5154131
2.1726941e-26,0.031297326,0.0,0.030952677,0.0,1.3752003e-14,1.5288178e-08,0.4221357,2.8487374e-08,0.51561433
2.1834252e-26,0.031233912,0.0,0.030842718,0.0,1.3733082e-14,1.529556e-08,0.4226442,2.8910398e-08,0.51527923
3.8583986e-34,0.0548871,0.0,0.0576341,0.0,5.1963765e-21,2.0764906e-10,0.45633563,7.913327e-15,0.43114325
3.9457787e-34,0.056492407,0.0,0.06039837,0.0,4.619329e-21,1.9840143e-10,0.47566023,8.360355e-15,0.40744898
3.6953254e-34,0.051992178,0.0,0.052954823,0.0,6.3095936e-21,2.2310638e-10,0.42310646,7.171211e-15,0.47194642
3.8460825e-34,0.05464972,0.0,0.057240814,0.0,5.2822546e-21,2.0894736e-10,0.45360717,7.852492e-15,0.4345024
3.7830046e-34,0.053532742,0.0,0.055399068,0.0,5.7048825e-21,2.1506225e-10,0.44055983,7.557475e-15,0.45050842
3.8484243e-34,0.054707173,0.0,0.057332885,0.0,5.2632787e-21,2.0864675e-10,0.45419514,7.86339e-15,0.4337648
1.7489937e-29,0.0033988713,0.0,0.0035260995,0.0,3.9567357e-23,1.8518296e-05,0.49378768,8.349969e-10,0.49926883
5.582892e-29,0.0011030479,0.0,0.001028287,0.0,2.5647839e-23,1.8056004e-05,0.53096175,2.4602794e-08,0.46688887
4.951378e-29,0.0012393363,0.0,0.0012084977,0.0,2.6358115e-23,1.7718321e-05,0.526187,1.6061765e-08,0.47134742
2.1433107e-29,0.002831251,0.0,0.0029230583,0.0,3.7546286e-23,1.837813e-05,0.49636436,1.4529065e-09,0.49786294
1.354446e-29,0.004575879,0.0,0.0045961766,0.0,4.3916426e-23,1.887154e-05,0.4828155,3.5513392e-10,0.5079936
6.9051546e-29,0.0009794792,0.0,0.00083447975,0.0,2.321138e-23,1.8060595e-05,0.5375848,4.4751605e-08,0.4605832
9.910948e-30,1.116554e-10,0.0,8.527362e-11,0.0,7.91059e-31,2.5885724e-12,0.5030733,7.351207e-09,0.4969267
1.04784845e-29,1.0252849e-10,0.0,7.578514e-11,0.0,7.408533e-31,2.5843913e-12,0.50895137,1.0430461e-08,0.49104863
9.527373e-30,1.1783667e-10,0.0,8.797359e-11,0.0,7.8363715e-31,2.5625994e-12,0.5027297,6.166354e-09,0.49727032
8.545619e-30,1.4208655e-10,0.0,1.15536705e-10,0.0,9.246465e-31,2.5559195e-12,0.48670557,2.957456e-09,0.5132944
6.533335e-30,2.0648881e-10,0.0,1.8491329e-10,0.0,1.2718705e-30,2.6461628e-12,0.44727403,8.649377e-10,0.552726
7.056853e-30,1.9500922e-10,0.0,1.6917669e-10,0.0,1.1618147e-30,2.5023993e-12,0.4554933,1.0727043e-09,0.54450667
2.4581981e-26,0.0015458842,0.0,0.00085665355,0.0,7.126267e-31,2.1875427e-11,0.6852846,2.4358268e-08,0.31231287
2.858128e-26,0.0013658594,0.0,0.00077718566,0.0,9.61927e-31,2.303713e-11,0.6509071,2.885432e-08,0.34694985
4.54522e-26,0.0008601594,0.0,0.00050448347,0.0,7.2929005e-31,2.3582135e-11,0.68103456,9.9125515e-08,0.3176007
7.420894e-26,0.00055586913,0.0,0.00030981176,0.0,4.9162696e-31,2.1917886e-11,0.70585835,4.3402474e-07,0.2932755
2.768037e-26,0.0013015029,0.0,0.0007975132,0.0,8.056968e-31,2.1477547e-11,0.6692928,3.33647e-08,0.32860813
4.0780045e-27,0.0064983172,0.0,0.005661545,0.0,1.7213533e-30,2.5923366e-11,0.6013407,1.9649488e-10,0.3864994
1.6786278e-26,0.00027192236,0.0,0.0002552028,0.0,2.0048776e-30,1.0982625e-10,0.6580487,1.2054329e-17,0.34142423
1.8894397e-26,0.00022212668,0.0,0.00020361069,0.0,1.6510535e-30,9.648736e-11,0.6698143,1.8804098e-17,0.32976002
1.6755697e-26,0.00026210264,0.0,0.00024627536,0.0,1.9510378e-30,1.07657466e-10,0.6593302,1.2643339e-17,0.3401614
1.4446262e-26,0.00034405012,0.0,0.00033180384,0.0,2.5194844e-30,1.2769083e-10,0.6431934,7.111488e-18,0.3561308
1.5364032e-26,0.0003071022,0.0,0.00029267656,0.0,2.2623087e-30,1.1876511e-10,0.64991033,9.047297e-18,0.34948984
1.5175701e-26,0.0003128369,0.0,0.00029889034,0.0,2.3037523e-30,1.2017666e-10,0.64863425,8.688157e-18,0.35075405
7.634181e-33,0.0028634951,0.0,0.002775347,0.0,1.0014606e-30,1.041414e-15,0.63426447,9.64753e-25,0.3600967
7.635158e-33,0.002863157,0.0,0.0027749822,0.0,1.0014055e-30,1.0414122e-15,0.6342682,9.651268e-25,0.36009368
7.658072e-33,0.0028554297,0.0,0.0027653268,0.0,9.99404e-31,1.0409138e-15,0.6343542,9.74574e-25,0.36002502
7.670714e-33,0.002853172,0.0,0.002762637,0.0,9.993599e-31,1.0411736e-15,0.63436,9.788454e-25,0.3600242
7.65012e-33,0.0028581913,0.0,0.002769105,0.0,1.000364e-30,1.0413136e-15,0.634334,9.711215e-25,0.36003867
7.643191e-33,0.002860484,0.0,0.0027719736,0.0,1.0008846e-30,1.0413631e-15,0.6343012,9.682858e-25,0.36006638
1.7534577e-31,0.13128372,0.0,0.13528664,0.0,2.6989157e-36,6.29938e-17,0.39169902,5.54777e-30,0.34173068
1.8114938e-31,0.13392156,0.0,0.13947596,0.0,2.4887868e-36,6.1222205e-17,0.3994855,6.1898813e-30,0.32711697
1.8373004e-31,0.13483371,0.0,0.14105017,0.0,2.4094942e-36,6.052814e-17,0.40268654,6.4754226e-30,0.32142958
1.6448724e-31,0.1242456,0.0,0.12463806,0.0,3.2125326e-36,6.67997e-17,0.3747047,4.43706e-30,0.37641168
1.5844766e-31,0.11990567,0.0,0.11836065,0.0,3.5431067e-36,6.8925804e-17,0.3644767,3.9054515e-30,0.39725694
1.7933737e-31,0.13264507,0.0,0.13749474,0.0,2.5704608e-36,6.192653e-17,0.3967013,5.9548535e-30,0.33315882
5.934096e-37,0.0049973344,0.0,0.0063532554,0.0,9.5747344e-36,3.3186066e-23,0.5919102,7.479698e-33,0.39673916
1.9685084e-37,0.01095394,0.0,0.011173886,0.0,6.683329e-36,1.6522643e-23,0.57110107,5.4291625e-34,0.40677115
2.288825e-37,0.00907229,0.0,0.009640893,0.0,7.535439e-36,1.7589505e-23,0.5621001,7.985537e-34,0.4191867
2.2194081e-37,0.009617824,0.0,0.010179509,0.0,7.170548e-36,1.7673474e-23,0.56791615,7.4498855e-34,0.41228652
3.2387682e-37,0.006589695,0.0,0.0075439773,0.0,9.073139e-36,2.2073079e-23,0.5587958,1.8430767e-33,0.42707047
5.3617504e-37,0.004562087,0.0,0.005840621,0.0,1.0653971e-35,3.164792e-23,0.5629167,6.412832e-33,0.42668065
6.6011817e-37,3.2486902e-09,0.0,2.8923341e-09,0.0,0.0,1.834628e-22,0.464271,7.589901e-34,0.53572893
4.204934e-37,5.356637e-09,0.0,4.974731e-09,0.0,0.0,1.7652578e-22,0.43462864,1.5025754e-34,0.5653714
4.4117624e-37,5.111934e-09,0.0,4.712138e-09,0.0,0.0,1.7524561e-22,0.43806672,1.7444616e-34,0.56193334
5.576274e-37,3.8337964e-09,0.0,3.4627667e-09,0.0,0.0,1.7941332e-22,0.4538069,4.252176e-34,0.5461931
4.9520134e-37,4.4470023e-09,0.0,4.0839288e-09,0.0,0.0,1.82541e-22,0.44480637,2.761909e-34,0.5551936
4.2943363e-37,5.21276e-09,0.0,4.8423026e-09,0.0,0.0,1.7856513e-22,0.43584996,1.6433405e-34,0.5641501
1.2066824e-35,2.2691205e-16,0.0,1.5326193e-16,0.0,0.0,3.3177029e-21,0.6801272,8.901842e-26,0.31987283
2.2702801e-35,1.9065278e-16,0.0,1.1777857e-16,0.0,0.0,4.2101025e-21,0.6873689,3.860777e-25,0.31263104
2.1729228e-35,1.9808895e-16,0.0,1.2297324e-16,0.0,0.0,4.108941e-21,0.6906023,3.5505089e-25,0.30939773
1.1728561e-35,2.1063047e-16,0.0,1.3956174e-16,0.0,0.0,3.4078456e-21,0.6605322,7.4854e-26,0.33946785
1.9278588e-35,2.0950235e-16,0.0,1.315772e-16,0.0,0.0,3.901845e-21,0.6923089,2.6493967e-25,0.30769107
1.5524327e-35,2.1390601e-16,0.0,1.4243072e-16,0.0,0.0,3.7383814e-21,0.6803056,1.4472988e-25,0.3196944
2.1196444e-38,2.0109978e-14,0.0,1.8628762e-14,0.0,1.976264e-35,5.9071883e-15,0.32327244,9.9810755e-30,0.6767276
1.7896259e-38,2.6086894e-14,0.0,2.4488568e-14,0.0,2.1031148e-35,5.734149e-15,0.3233129,4.7827344e-30,0.67668706
1.9651918e-38,2.2503306e-14,0.0,2.1046722e-14,0.0,2.0322149e-35,5.8324364e-15,0.32334837,7.196029e-30,0.6766516
1.7033297e-38,2.915419e-14,0.0,2.7411292e-14,0.0,2.1674458e-35,5.6428467e-15,0.32261977,3.6528147e-30,0.67738026
1.8950405e-38,2.4257933e-14,0.0,2.2586786e-14,0.0,2.0411432e-35,5.669992e-15,0.3229375,6.0002983e-30,0.6770626
4.5815568e-38,6.288076e-15,0.0,4.819672e-15,0.0,1.1098196e-35,6.0999154e-15,0.3380148,3.1986535e-28,0.66198516
2.5108428e-31,3.8940644e-07,0.0,3.6533413e-07,0.0,2.7201199e-34,1.0647383e-09,0.27600262,1.593543e-31,0.72399664
2.509765e-31,3.8992812e-07,0.0,3.658787e-07,0.0,2.7203632e-34,1.0646162e-09,0.27602625,1.5892538e-31,0.72397304
2.5085325e-31,3.9017172e-07,0.0,3.66124e-07,0.0,2.721331e-34,1.064607e-09,0.27598962,1.5854949e-31,0.7240096
2.5083249e-31,3.902444e-07,0.0,3.6619954e-07,0.0,2.721417e-34,1.0645839e-09,0.2759889,1.5847348e-31,0.7240104
2.50932e-31,3.9000923e-07,0.0,3.659642e-07,0.0,2.7210848e-34,1.0646956e-09,0.27599993,1.5876876e-31,0.7239993
2.5108282e-31,3.8973036e-07,0.0,3.6567707e-07,0.0,2.7194194e-34,1.0644762e-09,0.276051,1.5919664e-31,0.72394824
3.7164552e-28,1.6773649e-07,0.0,1.5197175e-07,0.0,8.358383e-33,2.5719435e-05,0.36999696,3.4943166e-25,0.629977
7.498194e-28,7.882093e-08,0.0,6.3403164e-08,0.0,5.0469387e-33,2.2664486e-05,0.39998814,6.8355105e-24,0.59998906
4.320537e-28,1.4777562e-07,0.0,1.3097475e-07,0.0,7.248808e-33,2.4971181e-05,0.38324383,7.1643854e-25,0.6167309
3.8054248e-28,1.547068e-07,0.0,1.4224162e-07,0.0,8.42997e-33,2.644119e-05,0.3696078,4.327047e-25,0.6303655
4.471023e-28,1.2295396e-07,0.0,1.0992321e-07,0.0,7.89268e-33,2.5769225e-05,0.3665523,8.64652e-25,0.63342166
1.6376512e-27,2.57215e-08,0.0,1.9290399e-08,0.0,3.993846e-33,2.3767854e-05,0.38902757,1.9630174e-22,0.6109486
2.500553e-25,3.6659378e-10,0.0,2.2781392e-10,0.0,0.0,4.8657484e-10,0.65827847,2.839808e-24,0.3417215
1.5883367e-25,5.220835e-10,0.0,3.170023e-10,0.0,0.0,4.4939164e-10,0.6509931,6.3699764e-25,0.3490069
8.1734864e-26,1.0040208e-09,0.0,6.5343597e-10,0.0,0.0,3.7880707e-10,0.67545944,5.972145e-26,0.32454056
1.4606372e-25,6.547271e-10,0.0,4.274203e-10,0.0,0.0,4.268231e-10,0.68104273,3.5766492e-25,0.3189573
1.2392509e-25,6.534659e-10,0.0,3.9425707e-10,0.0,0.0,4.3767062e-10,0.65436435,2.401171e-25,0.34563568
1.2435677e-25,7.376209e-10,0.0,4.5331827e-10,0.0,0.0,4.2584905e-10,0.67261314,2.2723735e-25,0.32738683
4.8710857e-21,1.25211415e-08,0.0,7.1240924e-09,0.0,1.2313985e-33,0.007507573,0.46311808,9.68255e-20,0.5293743
4.8995806e-21,1.5230492e-08,0.0,9.335215e-09,0.0,1.0352617e-33,0.006974991,0.5004736,8.447751e-20,0.49255145
3.6790708e-21,2.3513085e-08,0.0,1.4131895e-08,0.0,1.0269253e-33,0.006466865,0.5087983,2.1950149e-20,0.48473492
9.103636e-22,8.67758e-08,0.0,6.178116e-08,0.0,1.5616457e-33,0.004797975,0.45494425,1.0218089e-22,0.54025763
5.7388902e-21,1.2531021e-08,0.0,7.060668e-09,0.0,8.908842e-34,0.006705599,0.51132524,1.6223586e-19,0.4819691
1.0121988e-20,6.468456e-09,0.0,3.5632315e-09,0.0,9.139755e-34,0.008626613,0.51252055,1.7145869e-18,0.47885287
3.0143875e-22,0.005614626,0.0,0.004188199,0.0,1.6982174e-28,0.17631549,0.107861295,3.2300647e-25,0.70602036
2.8018186e-22,0.0060248864,0.0,0.004886196,0.0,1.9718234e-28,0.19555989,0.10323465,2.2695758e-25,0.6902944
3.4706798e-22,0.0029956163,0.0,0.0022769882,0.0,1.4320744e-28,0.19523442,0.10433038,1.3449887e-24,0.69516253
3.8956377e-22,0.003254481,0.0,0.0022853268,0.0,1.3298514e-28,0.18488672,0.10809893,1.3955319e-24,0.7014745
1.3890238e-22,0.02962518,0.0,0.028172893,0.0,4.254881e-28,0.1854251,0.09082187,3.492809e-27,0.665955
1.604153e-22,0.026487632,0.0,0.025129326,0.0,3.952232e-28,0.18312372,0.093834385,4.946728e-27,0.67142487
2.4618917e-16,0.00036744765,0.0,0.00032217626,0.0,1.4883403e-22,0.13598756,0.32173842,8.811411e-28,0.54158443
2.7463034e-16,0.00024063265,0.0,0.00020092912,0.0,1.1475546e-22,0.12885103,0.3216884,2.548374e-27,0.54901904
3.8981695e-16,1.901268e-05,0.0,1.3932914e-05,0.0,3.0973472e-23,0.122021675,0.3164655,6.418734e-25,0.5614799
3.841742e-16,1.819757e-05,0.0,1.3772607e-05,0.0,3.1967238e-23,0.125155,0.31417504,6.5439996e-25,0.560638
3.992337e-16,1.6301461e-05,0.0,1.2512276e-05,0.0,3.0651452e-23,0.12263538,0.3150258,8.118012e-25,0.5623101
3.828177e-16,1.8431667e-05,0.0,1.4041703e-05,0.0,3.2612753e-23,0.12439027,0.3121827,6.497081e-25,0.56339455
2.254965e-17,0.006187803,0.0,0.006329748,0.0,2.781923e-22,0.16463219,0.2385943,2.2241284e-36,0.58425593
2.312299e-17,0.005304348,0.0,0.0053566117,0.0,2.5770707e-22,0.16535164,0.23706682,3.2767687e-36,0.5869206
2.5129049e-17,0.0031083915,0.0,0.0029431148,0.0,1.9108156e-22,0.16701612,0.2333003,1.2491499e-35,0.5936321
2.5773805e-17,0.003032918,0.0,0.0027597104,0.0,1.7888807e-22,0.16110964,0.23379049,1.4870293e-35,0.59930724
2.322527e-17,0.0052844994,0.0,0.0052507157,0.0,2.5084868e-22,0.16295552,0.23793858,3.3919193e-36,0.5885707
2.3172042e-17,0.0052552554,0.0,0.005284188,0.0,2.541433e-22,0.16377349,0.23764475,3.342653e-36,0.5880423
1.3263479e-20,0.20740463,0.0,0.22765651,0.0,1.7545959e-25,0.00020769112,0.25178763,0.0,0.31294355
1.3200742e-20,0.20794658,0.0,0.22850752,0.0,1.7556076e-25,0.00020703583,0.2511654,0.0,0.31217343
1.3223243e-20,0.20776317,0.0,0.22817625,0.0,1.7549543e-25,0.00020724932,0.25138867,0.0,0.31246465
1.3394551e-20,0.20647357,0.0,0.22593988,0.0,1.7524943e-25,0.00020884347,0.25292534,0.0,0.31445232
1.3186871e-20,0.20805243,0.0,0.22868729,0.0,1.7556771e-25,0.00020689424,0.25104147,0.0,0.312012
1.32356936e-20,0.20765339,0.0,0.22798784,0.0,1.7539551e-25,0.00020731216,0.25152868,0.0,0.31262287
1.5983112e-23,0.024978906,0.0,0.022694629,0.0,5.474653e-32,0.034830153,0.39650804,0.0,0.5209883
9.4617215e-24,0.07566596,0.0,0.07678265,0.0,1.0659178e-31,0.034629982,0.32031667,0.0,0.49260476
2.540118e-23,0.0036862672,0.0,0.0024502825,0.0,1.2988597e-32,0.03003949,0.48157194,0.0,0.48225212
1.8207984e-23,0.012258938,0.0,0.010149514,0.0,3.6151524e-32,0.037746616,0.42392838,0.0,0.5159166
1.8584181e-23,0.010478928,0.0,0.00875649,0.0,3.613236e-32,0.038193855,0.41961804,0.0,0.52295274
1.4386371e-23,0.02446416,0.0,0.022808498,0.0,6.344461e-32,0.04010945,0.38312238,0.0,0.52949554
2.4897712e-22,0.1819554,0.0,0.1998797,0.0,8.471227e-35,0.031369455,0.24623495,0.0,0.34056047
1.1079174e-21,0.019628113,0.0,0.020415885,0.0,5.244048e-35,0.055313,0.38341627,0.0,0.5212268
4.8671667e-21,0.0012980882,0.0,0.0010313574,0.0,3.0199503e-35,0.09019051,0.3664918,0.0,0.54098827
7.4661395e-21,0.0012053055,0.0,0.0010175373,0.0,2.5574662e-35,0.09971058,0.40540186,0.0,0.49266472
2.2377043e-21,0.00289253,0.0,0.0027872424,0.0,4.9899706e-35,0.081367895,0.33980396,0.0,0.5731483
4.9111615e-21,0.0011263202,0.0,0.00087958574,0.0,3.3987247e-35,0.09649504,0.35008717,0.0,0.5514119
3.716919e-29,0.20917323,0.0,0.21546185,0.0,3.7338065e-34,0.0014017976,0.23247355,0.0,0.34148952
3.8704243e-29,0.20304623,0.0,0.20890348,0.0,3.7423158e-34,0.0014343109,0.23782653,0.0,0.34878945
3.7184272e-29,0.21004426,0.0,0.21623944,0.0,3.711998e-34,0.0013904133,0.23205301,0.0,0.34027287
3.6293223e-29,0.21272925,0.0,0.2190178,0.0,3.7249588e-34,0.001378705,0.22935277,0.0,0.33752146
3.5779638e-29,0.21471027,0.0,0.2210751,0.0,3.7227982e-34,0.0013687948,0.22760604,0.0,0.33523983
3.7324748e-29,0.20841482,0.0,0.21468884,0.0,3.7437734e-34,0.0014029281,0.2328728,0.0,0.34262058
1.3408718e-33,0.20825686,0.0,0.20547365,0.0,3.248207e-36,7.854075e-09,0.22209372,0.0,0.36417583
1.3035164e-33,0.20883779,0.0,0.20796886,0.0,3.5055008e-36,8.0163565e-09,0.21697064,0.0,0.36622268
1.0691216e-33,0.20054542,0.0,0.19432043,0.0,4.4834954e-36,8.597841e-09,0.20232505,0.0,0.4028091
7.374943e-33,0.12528852,0.0,0.09875737,0.0,2.3149931e-36,1.19748576e-08,0.34997708,0.0,0.42597708
1.1772357e-32,0.076162495,0.0,0.051943462,0.0,1.9662073e-36,1.3337193e-08,0.39129364,0.0,0.48060036
2.3553615e-31,0.0038809539,0.0,0.0018662016,0.0,1.3448752e-36,3.7440177e-08,0.46910712,0.0,0.52514565
3.0513647e-32,0.41596484,0.0,0.484908,0.0,0.0,1.579082e-14,0.03295375,0.0,0.066173434
1.394084e-31,0.35582483,0.0,0.40889466,0.0,0.0,4.4755788e-14,0.08063416,0.0,0.15464634
3.6472315e-31,0.29711112,0.0,0.29710773,0.0,0.0,7.4354646e-14,0.15453073,0.0,0.25125045
4.2946438e-29,0.0074602,0.0,0.0058138785,0.0,0.0,9.161082e-13,0.39431033,0.0,0.5924156
5.069507e-29,0.006151948,0.0,0.004765432,0.0,0.0,9.906061e-13,0.39448202,0.0,0.5946006
4.6729744e-29,0.0066619217,0.0,0.0051572802,0.0,0.0,9.639707e-13,0.39388645,0.0,0.59429437
1.06156735e-26,0.00018198002,0.0,0.00012762517,0.0,0.0,9.776513e-10,0.5819916,0.0,0.41769874
1.8040479e-26,9.339034e-05,0.0,6.3145286e-05,0.0,0.0,1.2639225e-09,0.5634671,0.0,0.4363764
2.4137974e-26,6.050045e-05,0.0,4.1740313e-05,0.0,0.0,1.4173389e-09,0.55109936,0.0,0.44879842
1.1960229e-26,0.00018083135,0.0,0.00014915464,0.0,0.0,1.1384258e-09,0.56434834,0.0,0.43532172
1.179155e-25,2.399818e-05,0.0,1.7554532e-05,0.0,0.0,1.9174151e-09,0.6204836,0.0,0.3794749
3.69357e-26,5.755216e-05,0.0,4.236198e-05,0.0,0.0,1.5042957e-09,0.5801528,0.0,0.4197472
3.1236737e-30,0.012986324,0.0,0.013411952,0.0,0.0,7.4509586e-08,0.33270726,0.0,0.6408943
3.105105e-31,0.12660372,0.0,0.12834212,0.0,0.0,5.0001752e-08,0.2656464,0.0,0.47940776
4.978556e-31,0.07991081,0.0,0.08201394,0.0,0.0,5.4050293e-08,0.3007496,0.0,0.53732556
8.302263e-31,0.05268326,0.0,0.055818737,0.0,0.0,6.203917e-08,0.31811243,0.0,0.5733855
5.9457666e-31,0.05976189,0.0,0.062161025,0.0,0.0,6.1859474e-08,0.2989993,0.0,0.5790777
2.161512e-29,0.0018898153,0.0,0.0019740905,0.0,0.0,9.390642e-08,0.34067124,0.0,0.65546477
5.111554e-38,0.13880277,0.0,0.13991755,0.0,0.0,8.52124e-09,0.17516153,0.0,0.5461182
5.114216e-38,0.13871515,0.0,0.1398303,0.0,0.0,8.522294e-09,0.17520194,0.0,0.54625255
5.121999e-38,0.13849238,0.0,0.13961162,0.0,0.0,8.525113e-09,0.1753127,0.0,0.5465833
5.923696e-38,0.11648217,0.0,0.11729817,0.0,0.0,8.812282e-09,0.18573298,0.0,0.5804867
8.5986835e-38,0.067781016,0.0,0.067869246,0.0,0.0,9.3210755e-09,0.2088376,0.0,0.6555121
5.1591084e-38,0.13720115,0.0,0.13832839,0.0,0.0,8.543064e-09,0.17588101,0.0,0.54858947
0.0,0.234125,0.0,0.24961296,0.0,0.0,3.6686505e-08,0.2764313,0.0,0.23983076
0.0,0.23099819,0.0,0.24431615,0.0,0.0,3.7827878e-08,0.27794272,0.0,0.24674289
0.0,0.21766585,0.0,0.22704144,0.0,0.0,4.3633207e-08,0.27856883,0.0,0.27672383
0.0,0.21721649,0.0,0.22777122,0.0,0.0,3.926313e-08,0.29474437,0.0,0.26026782
0.0,0.1669702,0.0,0.1689139,0.0,0.0,4.6977718e-08,0.34363592,0.0,0.32047987
0.0,0.13981403,0.0,0.14197408,0.0,0.0,5.982466e-08,0.3353363,0.0,0.3828755
0.0,0.12622215,0.0,0.13426952,0.0,0.0,1.8108905e-11,0.3510725,0.0,0.3884358
0.0,0.17503673,0.0,0.17630595,0.0,0.0,1.6256798e-11,0.2904466,0.0,0.35821068
0.0,0.17469577,0.0,0.17435358,0.0,0.0,1.6137296e-11,0.2880708,0.0,0.36287984
0.0,0.19431123,0.0,0.20081766,0.0,0.0,1.3203882e-11,0.30197632,0.0,0.30289468
0.0,0.18396504,0.0,0.18474142,0.0,0.0,1.510243e-11,0.289294,0.0,0.3419996
0.0,0.19394656,0.0,0.19251363,0.0,0.0,1.5161473e-11,0.272979,0.0,0.34056085
0.0,0.3453276,0.0,0.32899892,0.0,0.0,6.297362e-08,0.088297226,0.0,0.23737615
0.0,0.34980863,0.0,0.33188775,0.0,0.0,6.068365e-08,0.08664219,0.0,0.23166141
0.0,0.34702313,0.0,0.3295415,0.0,0.0,6.2352825e-08,0.08790468,0.0,0.23553064
0.0,0.35291347,0.0,0.33457053,0.0,0.0,5.8816262e-08,0.08518917,0.0,0.22732674
0.0,0.3539279,0.0,0.33549127,0.0,0.0,5.8193255e-08,0.084695496,0.0,0.22588524
0.0,0.35380274,0.0,0.33540076,0.0,0.0,5.8259953e-08,0.08474632,0.0,0.22605011
0.0,0.0012217832,0.0,0.00086544576,0.0,0.0,5.7263925e-08,0.09207291,0.0,0.90583974
0.0,0.003890324,0.0,0.003363008,0.0,0.0,4.437847e-08,0.09134253,0.0,0.9014041
0.0,0.0056329328,0.0,0.00496915,0.0,0.0,4.194021e-08,0.09029331,0.0,0.8991046
0.0,0.0007295418,0.0,0.000488282,0.0,0.0,6.47949e-08,0.0897493,0.0,0.9090329
0.0,0.00035667812,0.0,0.00024144177,0.0,0.0,9.106582e-08,0.08925432,0.0,0.9101475
0.0,0.0007256994,0.0,0.0004931935,0.0,0.0,6.964209e-08,0.09199361,0.0,0.90678746
0.0,1.801003e-05,0.0,1.4834214e-05,0.0,7.067019e-37,9.666688e-12,0.21105841,0.0,0.7889088
0.0,7.6527243e-07,0.0,5.3729764e-07,0.0,2.2779705e-37,2.4019904e-11,0.27167687,0.0,0.72832185
0.0,4.2834358e-07,0.0,2.862705e-07,0.0,1.8180225e-37,3.6323517e-11,0.32833824,0.0,0.67166114
0.0,0.00010256169,0.0,8.951017e-05,0.0,5.722518e-37,5.4132163e-12,0.24271816,0.0,0.75708973
0.0,0.00030077389,0.0,0.0002781481,0.0,6.9133004e-37,4.315426e-12,0.25032565,0.0,0.74909544
0.0,6.2096326e-05,0.0,5.4278033e-05,0.0,3.8949228e-37,6.2045547e-12,0.26215774,0.0,0.7377259
0.0,0.04368684,0.0,0.041286204,0.0,0.0,3.5368514e-12,0.46735618,0.0,0.44767076
0.0,0.036478233,0.0,0.032346413,0.0,0.0,3.8189304e-12,0.44450942,0.0,0.48666593
0.0,0.00031072335,0.0,0.000216169,0.0,0.0,1.2496929e-11,0.49727833,0.0,0.50219476
0.0,0.025751924,0.0,0.02225381,0.0,0.0,4.536023e-12,0.42515463,0.0,0.5268396
0.0,0.04244005,0.0,0.03798834,0.0,0.0,3.924683e-12,0.40580568,0.0,0.5137659
0.0,0.0443867,0.0,0.03982093,0.0,0.0,3.8730373e-12,0.40388215,0.0,0.51191026
0.0,7.0318483e-06,0.0,6.4988335e-06,0.0,0.0,1.3020785e-11,0.31715423,0.0,0.6828322
0.0,3.643883e-06,0.0,3.2441528e-06,0.0,0.0,1.3649341e-11,0.33733422,0.0,0.6626589
0.0,1.0497143e-06,0.0,8.455051e-07,0.0,0.0,1.5004109e-11,0.36462483,0.0,0.63537323
0.0,4.019744e-06,0.0,3.62795e-06,0.0,0.0,1.3355107e-11,0.33501336,0.0,0.66497904
0.0,2.157931e-06,0.0,1.8954962e-06,0.0,0.0,1.4718693e-11,0.3434195,0.0,0.6565765
0.0,2.5987001e-06,0.0,2.2134784e-06,0.0,0.0,1.362719e-11,0.34743512,0.0,0.6525601
0.0,0.4225243,0.0,0.42345694,0.0,0.0,7.308876e-14,0.0012309568,0.0,0.15278785
0.0,0.39049166,0.0,0.392421,0.0,0.0,1.1159872e-13,0.0012085048,0.0,0.2158788
0.0,0.3693671,0.0,0.38943055,0.0,0.0,1.324351e-13,0.0010853098,0.0,0.24011713
0.0,0.40821302,0.0,0.34427473,0.0,0.0,1.132315e-13,0.0017047045,0.0,0.24580753
0.0,0.42312256,0.0,0.41033918,0.0,0.0,7.8175334e-14,0.0013145118,0.0,0.16522379
0.0,0.4320215,0.0,0.35436404,0.0,0.0,9.2054436e-14,0.0018235444,0.0,0.21179101
0.0,0.29324645,0.0,0.26646668,0.0,0.0,2.1032002e-18,3.4817698e-05,0.0,0.44025204
0.0,0.3033231,0.0,0.3091098,0.0,0.0,1.9814764e-18,2.5122346e-05,0.0,0.38754198
0.0,0.23380437,0.0,0.21401148,0.0,0.0,2.7438005e-18,4.1496976e-05,0.0,0.5521426
0.0,0.05086745,0.0,0.035299964,0.0,0.0,4.2025238e-18,0.00010135459,0.0,0.9137312
0.0,0.025703484,0.0,0.015668172,0.0,0.0,4.2064272e-18,0.00012018739,0.0,0.95850813
0.0,0.030005034,0.0,0.018332476,0.0,0.0,4.159623e-18,0.000120661374,0.0,0.9515418
0.0,0.0064975764,0.0,0.0043154596,0.0,0.0,3.250242e-11,0.33999848,0.0,0.64918846
0.0,0.0076498403,0.0,0.005164248,0.0,0.0,2.5115108e-11,0.4314681,0.0,0.5557178
0.0,0.009500326,0.0,0.006783855,0.0,0.0,3.401144e-11,0.32091793,0.0,0.6627978
0.0,0.008171322,0.0,0.005638623,0.0,0.0,3.2463365e-11,0.33621916,0.0,0.64997095
0.0,0.11647055,0.0,0.12220266,0.0,0.0,3.4605964e-11,0.1646827,0.0,0.59664404
0.0,0.16308618,0.0,0.17685288,0.0,0.0,3.0818098e-11,0.13299742,0.0,0.5270635
0.0,0.15977792,0.0,0.1504506,0.0,0.0,2.749289e-10,0.0780319,0.0,0.6117395
0.0,0.164353,0.0,0.1589104,0.0,0.0,2.6070962e-10,0.07753187,0.0,0.5992047
0.0,0.15797988,0.0,0.14660886,0.0,0.0,2.8158315e-10,0.078593306,0.0,0.61681795
0.0,0.16909672,0.0,0.16773216,0.0,0.0,2.4745161e-10,0.076722525,0.0,0.5864486
